"split","Overall","atomStructure","eclipses","faultsEarthquakes","foodChainsWebs","lifeCycles","moonPhaseEquinox","partsOfA","partsOfTheEarth","photosynthesisRespiration","rockCycle","rockStrata","solarSystem","typesOf","volcano","waterCNPCycle"
"none","0.7344559585492227","0.75","0.8709677419354839","0.5714285714285714","0.7771084337349398","0.7434052757793765","0.5523465703971119","0.7227926078028748","0.75","0.8481012658227848","0.6567164179104478","0.7073170731707317","0.8333333333333334","0.7142857142857143","0.9375","0.7272727272727273"
