"split","Overall","Accounting","Agriculture","Architecture_and_Engineering","Art","Art_Theory","Basic_Medical_Science","Biology","Chemistry","Clinical_Medicine","Computer_Science","Design","Diagnostics_and_Laboratory_Medicine","Economics","Electronics","Energy_and_Power","Finance","Geography","History","Literature","Manage","Marketing","Materials","Math","Mechanical_Engineering","Music","Pharmacy","Physics","Psychology","Public_Health","Sociology","Art & Design","Business","Health & Medicine","Humanities & Social Science","Science","Tech & Engineering"
"dev","0.36666666666666664","0.2","0.2","0.2","0.4","0.2","0.6","0.2","0.2","0.8","0.2","0.4","0.0","0.4","0.4","0.0","0.8","0.0","0.6","0.6","0.2","0.2","0.4","0.4","0.6","0.0","0.4","0.6","0.8","0.4","0.6","0.25","0.36","0.44","0.65","0.28","0.2857142857142857"
"validation","0.38222222222222224","0.3333333333333333","0.3333333333333333","0.26666666666666666","0.43333333333333335","0.43333333333333335","0.5","0.26666666666666666","0.3","0.36666666666666664","0.36666666666666664","0.5333333333333333","0.3","0.5333333333333333","0.2","0.26666666666666666","0.5333333333333333","0.3333333333333333","0.43333333333333335","0.9333333333333333","0.4","0.4","0.16666666666666666","0.3333333333333333","0.3","0.16666666666666666","0.26666666666666666","0.3333333333333333","0.3","0.6","0.5333333333333333","0.39166666666666666","0.44","0.4066666666666667","0.55","0.31333333333333335","0.2714285714285714"
