"split","Overall","atomStructure","eclipses","faultsEarthquakes","foodChainsWebs","lifeCycles","moonPhaseEquinox","partsOfA","partsOfTheEarth","photosynthesisRespiration","rockCycle","rockStrata","solarSystem","typesOf","volcano","waterCNPCycle"
"none","0.5119818652849741","0.5","0.5483870967741935","0.4642857142857143","0.653184165232358","0.3333333333333333","0.37184115523465705","0.5544147843942505","0.4807692307692308","0.35443037974683544","0.3582089552238806","0.4146341463414634","0.6944444444444444","0.3965014577259475","0.3125","0.36363636363636365"
