"split","Overall","atomStructure","eclipses","faultsEarthquakes","foodChainsWebs","lifeCycles","moonPhaseEquinox","partsOfA","partsOfTheEarth","photosynthesisRespiration","rockCycle","rockStrata","solarSystem","typesOf","volcano","waterCNPCycle"
"none","0.7924222797927462","0.625","0.9032258064516129","0.7142857142857143","0.9148020654044751","0.7218225419664268","0.5884476534296029","0.7782340862422998","0.7307692307692307","0.7974683544303798","0.5522388059701493","0.8292682926829268","0.8611111111111112","0.6997084548104956","0.875","0.7045454545454546"
