"split","Overall","atomStructure","eclipses","faultsEarthquakes","foodChainsWebs","lifeCycles","moonPhaseEquinox","partsOfA","partsOfTheEarth","photosynthesisRespiration","rockCycle","rockStrata","solarSystem","typesOf","volcano","waterCNPCycle"
"none","0.6680699481865285","0.5","0.7096774193548387","0.5714285714285714","0.8666092943201377","0.4724220623501199","0.4548736462093863","0.6714579055441479","0.6346153846153846","0.5443037974683544","0.5671641791044776","0.4146341463414634","0.8055555555555556","0.5072886297376094","0.6875","0.4318181818181818"
