"split","Overall","atomStructure","eclipses","faultsEarthquakes","foodChainsWebs","lifeCycles","moonPhaseEquinox","partsOfA","partsOfTheEarth","photosynthesisRespiration","rockCycle","rockStrata","solarSystem","typesOf","volcano","waterCNPCycle"
"none","0.6531735751295337","0.5","0.7096774193548387","0.5714285714285714","0.7134251290877797","0.5971223021582733","0.5595667870036101","0.675564681724846","0.4807692307692308","0.6329113924050633","0.6119402985074627","0.5853658536585366","0.6666666666666666","0.6180758017492711","0.6875","0.5909090909090909"
