"split","Overall","atomStructure","eclipses","faultsEarthquakes","foodChainsWebs","lifeCycles","moonPhaseEquinox","partsOfA","partsOfTheEarth","photosynthesisRespiration","rockCycle","rockStrata","solarSystem","typesOf","volcano","waterCNPCycle"
"none","0.7512953367875648","0.625","0.8064516129032258","0.6428571428571429","0.8278829604130808","0.7266187050359713","0.6534296028880866","0.7351129363449692","0.7692307692307693","0.7974683544303798","0.5223880597014925","0.6341463414634146","0.8333333333333334","0.6763848396501457","0.8125","0.6590909090909091"
