"Task&Skill","tot","prefetch","hit","prefetch_rate","acc"
"Overall","1000","538","285","53.800000000000004","28.499999999999996"
"scientific reasoning","122","94","54","77.04918032786885","44.26229508196721"
"textbook question answering","158","108","65","68.35443037974683","41.139240506329116"
"numeric commonsense","144","45","36","31.25","25.0"
"arithmetic reasoning","353","125","94","35.41076487252124","26.628895184135974"
"visual question answering","179","98","65","54.7486033519553","36.312849162011176"
"geometry reasoning","239","178","57","74.47698744769873","23.84937238493724"
"algebraic reasoning","281","205","72","72.95373665480427","25.622775800711743"
"geometry problem solving","208","168","52","80.76923076923077","25.0"
"math word problem","186","42","37","22.58064516129032","19.892473118279568"
"logical reasoning","37","22","7","59.45945945945946","18.91891891891892"
"figure question answering","269","122","66","45.353159851301115","24.53531598513011"
"statistical reasoning","301","114","75","37.87375415282392","24.916943521594686"
