"split","Overall","atomStructure","eclipses","faultsEarthquakes","foodChainsWebs","lifeCycles","moonPhaseEquinox","partsOfA","partsOfTheEarth","photosynthesisRespiration","rockCycle","rockStrata","solarSystem","typesOf","volcano","waterCNPCycle"
"none","0.6133419689119171","0.5","0.6451612903225806","0.5357142857142857","0.6987951807228916","0.5299760191846523","0.47653429602888087","0.6591375770020534","0.6346153846153846","0.46835443037974683","0.5223880597014925","0.6341463414634146","0.6944444444444444","0.5510204081632653","0.5625","0.3409090909090909"
