"split","Overall","atomStructure","eclipses","faultsEarthquakes","foodChainsWebs","lifeCycles","moonPhaseEquinox","partsOfA","partsOfTheEarth","photosynthesisRespiration","rockCycle","rockStrata","solarSystem","typesOf","volcano","waterCNPCycle"
"none","0.2655440414507772","0.25","0.3548387096774194","0.39285714285714285","0.26161790017211706","0.2589928057553957","0.22021660649819494","0.3203285420944558","0.28846153846153844","0.27848101265822783","0.23880597014925373","0.1951219512195122","0.2222222222222222","0.24198250728862974","0.25","0.25"
