"split","Overall","atomStructure","eclipses","faultsEarthquakes","foodChainsWebs","lifeCycles","moonPhaseEquinox","partsOfA","partsOfTheEarth","photosynthesisRespiration","rockCycle","rockStrata","solarSystem","typesOf","volcano","waterCNPCycle"
"none","0.4226036269430052","0.5","0.5483870967741935","0.42857142857142855","0.42771084337349397","0.31654676258992803","0.3971119133574007","0.5174537987679672","0.5384615384615384","0.35443037974683544","0.417910447761194","0.4146341463414634","0.5555555555555556","0.40233236151603496","0.4375","0.3409090909090909"
