"split","Overall","atomStructure","eclipses","faultsEarthquakes","foodChainsWebs","lifeCycles","moonPhaseEquinox","partsOfA","partsOfTheEarth","photosynthesisRespiration","rockCycle","rockStrata","solarSystem","typesOf","volcano","waterCNPCycle"
"none","0.7765544041450777","0.75","0.9354838709677419","0.6785714285714286","0.8709122203098106","0.6834532374100719","0.6245487364620939","0.7618069815195072","0.7307692307692307","0.8481012658227848","0.6865671641791045","0.7804878048780488","0.8611111111111112","0.7259475218658892","0.8125","0.6136363636363636"
