"Task&Skill","tot","prefetch","hit","prefetch_rate","acc"
"Overall","1000","540","589","54.0","58.9"
"scientific reasoning","122","94","75","77.04918032786885","61.47540983606557"
"textbook question answering","158","107","91","67.72151898734177","57.59493670886076"
"numeric commonsense","144","39","65","27.083333333333332","45.13888888888889"
"arithmetic reasoning","353","99","201","28.04532577903683","56.94050991501416"
"visual question answering","179","92","84","51.39664804469274","46.927374301675975"
"geometry reasoning","239","212","128","88.70292887029288","53.55648535564853"
"algebraic reasoning","281","239","145","85.05338078291815","51.60142348754449"
"geometry problem solving","208","203","111","97.59615384615384","53.36538461538461"
"math word problem","186","22","140","11.827956989247312","75.26881720430107"
"logical reasoning","37","24","5","64.86486486486487","13.513513513513514"
"figure question answering","269","116","163","43.12267657992565","60.594795539033456"
"statistical reasoning","301","106","216","35.21594684385382","71.76079734219269"
