"split","Overall","atomStructure","eclipses","faultsEarthquakes","foodChainsWebs","lifeCycles","moonPhaseEquinox","partsOfA","partsOfTheEarth","photosynthesisRespiration","rockCycle","rockStrata","solarSystem","typesOf","volcano","waterCNPCycle"
"none","0.5573186528497409","0.25","0.5161290322580645","0.5","0.6032702237521514","0.47002398081534774","0.49097472924187724","0.6427104722792608","0.5384615384615384","0.46835443037974683","0.3880597014925373","0.5121951219512195","0.5833333333333334","0.5393586005830904","0.5625","0.36363636363636365"
