"Task&Skill","tot","prefetch","hit","prefetch_rate","acc"
"Overall","1000","588","255","58.8","25.5"
"scientific reasoning","122","95","54","77.8688524590164","44.26229508196721"
"textbook question answering","158","109","66","68.9873417721519","41.77215189873418"
"numeric commonsense","144","46","28","31.944444444444443","19.444444444444446"
"arithmetic reasoning","353","132","84","37.39376770538244","23.79603399433428"
"visual question answering","179","99","58","55.3072625698324","32.402234636871505"
"geometry reasoning","239","217","45","90.7949790794979","18.828451882845187"
"algebraic reasoning","281","241","57","85.76512455516014","20.284697508896798"
"geometry problem solving","208","203","37","97.59615384615384","17.78846153846154"
"math word problem","186","47","31","25.268817204301076","16.666666666666664"
"logical reasoning","37","24","5","64.86486486486487","13.513513513513514"
"figure question answering","269","130","63","48.3271375464684","23.42007434944238"
"statistical reasoning","301","129","73","42.857142857142854","24.25249169435216"
