"split","Overall","Accounting","Agriculture","Architecture_and_Engineering","Art","Art_Theory","Basic_Medical_Science","Biology","Chemistry","Clinical_Medicine","Computer_Science","Design","Diagnostics_and_Laboratory_Medicine","Economics","Electronics","Energy_and_Power","Finance","Geography","History","Literature","Manage","Marketing","Materials","Math","Mechanical_Engineering","Music","Pharmacy","Physics","Psychology","Public_Health","Sociology","Art & Design","Business","Health & Medicine","Humanities & Social Science","Science","Tech & Engineering"
"dev","0.5466666666666666","0.4","0.4","0.4","1.0","0.6","1.0","0.6","0.4","0.4","0.6","0.8","0.2","0.4","0.8","0.4","0.6","0.0","1.0","0.8","0.6","0.2","0.6","0.6","0.6","0.4","0.4","0.2","0.8","0.6","0.6","0.7","0.44","0.52","0.8","0.36","0.5428571428571428"
"validation","0.5533333333333333","0.4","0.6","0.36666666666666664","0.7333333333333333","0.8666666666666667","0.6","0.5333333333333333","0.36666666666666664","0.6666666666666666","0.5333333333333333","0.8666666666666667","0.43333333333333335","0.43333333333333335","0.6333333333333333","0.36666666666666664","0.4666666666666667","0.5","0.7333333333333333","0.9","0.5333333333333333","0.5333333333333333","0.43333333333333335","0.4666666666666667","0.3333333333333333","0.36666666666666664","0.5","0.4666666666666667","0.6","0.7","0.6666666666666666","0.7083333333333334","0.47333333333333333","0.58","0.725","0.4666666666666667","0.4666666666666667"
