"split","Overall","atomStructure","eclipses","faultsEarthquakes","foodChainsWebs","lifeCycles","moonPhaseEquinox","partsOfA","partsOfTheEarth","photosynthesisRespiration","rockCycle","rockStrata","solarSystem","typesOf","volcano","waterCNPCycle"
"none","0.6955958549222798","0.625","0.8064516129032258","0.6428571428571429","0.7848537005163512","0.6642685851318945","0.5992779783393501","0.6735112936344969","0.6730769230769231","0.6708860759493671","0.6119402985074627","0.6341463414634146","0.6666666666666666","0.6005830903790087","0.5625","0.5227272727272727"
