"split","Overall","atomStructure","eclipses","faultsEarthquakes","foodChainsWebs","lifeCycles","moonPhaseEquinox","partsOfA","partsOfTheEarth","photosynthesisRespiration","rockCycle","rockStrata","solarSystem","typesOf","volcano","waterCNPCycle"
"none","0.7882124352331606","0.75","0.9354838709677419","0.7142857142857143","0.8838209982788297","0.7458033573141487","0.6137184115523465","0.7659137577002053","0.8461538461538461","0.7974683544303798","0.5671641791044776","0.7317073170731707","0.8888888888888888","0.7142857142857143","0.875","0.7272727272727273"
