"Task&Skill","tot","prefetch","hit","prefetch_rate","acc"
"Overall","1000","746","632","74.6","63.2"
"scientific reasoning","122","97","75","79.50819672131148","61.47540983606557"
"textbook question answering","158","116","94","73.41772151898735","59.49367088607595"
"numeric commonsense","144","71","67","49.30555555555556","46.52777777777778"
"arithmetic reasoning","353","218","217","61.756373937677054","61.47308781869688"
"visual question answering","179","106","100","59.217877094972074","55.865921787709496"
"geometry reasoning","239","225","168","94.14225941422593","70.29288702928869"
"algebraic reasoning","281","250","186","88.96797153024912","66.19217081850533"
"geometry problem solving","208","205","150","98.5576923076923","72.11538461538461"
"math word problem","186","142","136","76.34408602150538","73.11827956989248"
"logical reasoning","37","25","4","67.56756756756756","10.81081081081081"
"figure question answering","269","177","152","65.79925650557621","56.50557620817844"
"statistical reasoning","301","204","200","67.77408637873754","66.44518272425249"
