"split","Overall","atomStructure","eclipses","faultsEarthquakes","foodChainsWebs","lifeCycles","moonPhaseEquinox","partsOfA","partsOfTheEarth","photosynthesisRespiration","rockCycle","rockStrata","solarSystem","typesOf","volcano","waterCNPCycle"
"none","0.6972150259067358","0.625","0.8387096774193549","0.75","0.7874354561101549","0.6426858513189448","0.5812274368231047","0.6878850102669405","0.7692307692307693","0.620253164556962","0.5522388059701493","0.7073170731707317","0.75","0.60932944606414","0.6875","0.45454545454545453"
