"Task&Skill","tot","prefetch","hit","prefetch_rate","acc"
"Overall","1000","524","504","52.400000000000006","50.4"
"scientific reasoning","122","94","62","77.04918032786885","50.81967213114754"
"textbook question answering","158","107","80","67.72151898734177","50.63291139240506"
"numeric commonsense","144","39","50","27.083333333333332","34.72222222222222"
"arithmetic reasoning","353","99","152","28.04532577903683","43.05949008498583"
"visual question answering","179","92","80","51.39664804469274","44.6927374301676"
"geometry reasoning","239","196","141","82.00836820083683","58.995815899581594"
"algebraic reasoning","281","223","154","79.35943060498221","54.804270462633454"
"geometry problem solving","208","187","127","89.90384615384616","61.057692307692314"
"math word problem","186","22","91","11.827956989247312","48.924731182795696"
"logical reasoning","37","24","6","64.86486486486487","16.216216216216218"
"figure question answering","269","116","126","43.12267657992565","46.84014869888476"
"statistical reasoning","301","106","170","35.21594684385382","56.47840531561462"
