"split","Overall","atomStructure","eclipses","faultsEarthquakes","foodChainsWebs","lifeCycles","moonPhaseEquinox","partsOfA","partsOfTheEarth","photosynthesisRespiration","rockCycle","rockStrata","solarSystem","typesOf","volcano","waterCNPCycle"
"none","0.7240932642487047","0.75","0.7419354838709677","0.4642857142857143","0.8227194492254734","0.6594724220623501","0.5379061371841155","0.7166324435318275","0.6153846153846154","0.7088607594936709","0.6567164179104478","0.7073170731707317","0.75","0.7055393586005831","0.8125","0.5"
