"split","Overall","atomStructure","eclipses","faultsEarthquakes","foodChainsWebs","lifeCycles","moonPhaseEquinox","partsOfA","partsOfTheEarth","photosynthesisRespiration","rockCycle","rockStrata","solarSystem","typesOf","volcano","waterCNPCycle"
"none","0.8393782383419689","0.875","0.967741935483871","0.75","0.9354561101549054","0.8273381294964028","0.6967509025270758","0.8049281314168378","0.75","0.8227848101265823","0.6716417910447762","0.8292682926829268","0.8333333333333334","0.7638483965014577","0.9375","0.6136363636363636"
