"split","Overall","atomStructure","eclipses","faultsEarthquakes","foodChainsWebs","lifeCycles","moonPhaseEquinox","partsOfA","partsOfTheEarth","photosynthesisRespiration","rockCycle","rockStrata","solarSystem","typesOf","volcano","waterCNPCycle"
"none","0.27169689119170987","0.375","0.2903225806451613","0.2857142857142857","0.2874354561101549","0.22302158273381295","0.24548736462093862","0.2792607802874743","0.38461538461538464","0.31645569620253167","0.208955223880597","0.3170731707317073","0.3611111111111111","0.2536443148688047","0.1875","0.29545454545454547"
