"Task&Skill","tot","prefetch","hit","prefetch_rate","acc"
"Overall","1000","665","362","66.5","36.199999999999996"
"scientific reasoning","122","94","51","77.04918032786885","41.80327868852459"
"textbook question answering","158","110","62","69.62025316455697","39.24050632911392"
"numeric commonsense","144","62","43","43.05555555555556","29.86111111111111"
"arithmetic reasoning","353","162","114","45.892351274787536","32.29461756373937"
"visual question answering","179","95","50","53.072625698324025","27.932960893854748"
"geometry reasoning","239","221","84","92.46861924686193","35.146443514644346"
"algebraic reasoning","281","242","88","86.12099644128114","31.316725978647685"
"geometry problem solving","208","203","70","97.59615384615384","33.65384615384615"
"math word problem","186","99","87","53.2258064516129","46.774193548387096"
"logical reasoning","37","25","3","67.56756756756756","8.108108108108109"
"figure question answering","269","158","93","58.7360594795539","34.572490706319705"
"statistical reasoning","301","146","101","48.50498338870432","33.5548172757475"
