"split","Overall","Accounting","Agriculture","Architecture_and_Engineering","Art","Art_Theory","Basic_Medical_Science","Biology","Chemistry","Clinical_Medicine","Computer_Science","Design","Diagnostics_and_Laboratory_Medicine","Economics","Electronics","Energy_and_Power","Finance","Geography","History","Literature","Manage","Marketing","Materials","Math","Mechanical_Engineering","Music","Pharmacy","Physics","Psychology","Public_Health","Sociology","Art & Design","Business","Health & Medicine","Humanities & Social Science","Science","Tech & Engineering"
"validation","0.38","0.3","0.4","0.13333333333333333","0.5","0.43333333333333335","0.4","0.2","0.3","0.4666666666666667","0.43333333333333335","0.5333333333333333","0.3333333333333333","0.3333333333333333","0.5333333333333333","0.36666666666666664","0.23333333333333334","0.26666666666666666","0.36666666666666664","0.8333333333333334","0.3333333333333333","0.3","0.23333333333333334","0.43333333333333335","0.3333333333333333","0.36666666666666664","0.36666666666666664","0.26666666666666666","0.4666666666666667","0.36666666666666664","0.5666666666666667","0.4583333333333333","0.3","0.38666666666666666","0.5583333333333333","0.29333333333333333","0.3476190476190476"
"dev","0.35333333333333333","0.6","0.2","0.2","0.4","0.2","0.6","0.4","0.2","0.2","0.6","0.4","0.2","0.8","0.4","0.2","0.2","0.0","0.6","0.4","0.0","0.8","0.0","0.4","0.0","0.0","0.6","0.2","0.8","0.2","0.8","0.25","0.48","0.36","0.65","0.24","0.22857142857142856"
