"Task&Skill","tot","prefetch","hit","prefetch_rate","acc"
"Overall","1000","681","598","68.10000000000001","59.8"
"scientific reasoning","122","94","69","77.04918032786885","56.557377049180324"
"textbook question answering","158","113","87","71.51898734177216","55.06329113924051"
"numeric commonsense","144","54","68","37.5","47.22222222222222"
"arithmetic reasoning","353","180","202","50.991501416430594","57.22379603399433"
"visual question answering","179","108","78","60.33519553072626","43.575418994413404"
"geometry reasoning","239","214","153","89.5397489539749","64.01673640167364"
"algebraic reasoning","281","246","163","87.54448398576513","58.00711743772242"
"geometry problem solving","208","204","135","98.07692307692307","64.90384615384616"
"math word problem","186","85","147","45.69892473118279","79.03225806451613"
"logical reasoning","37","22","6","59.45945945945946","16.216216216216218"
"figure question answering","269","171","151","63.56877323420075","56.13382899628253"
"statistical reasoning","301","180","201","59.800664451827245","66.77740863787376"
