"split","Overall","atomStructure","eclipses","faultsEarthquakes","foodChainsWebs","lifeCycles","moonPhaseEquinox","partsOfA","partsOfTheEarth","photosynthesisRespiration","rockCycle","rockStrata","solarSystem","typesOf","volcano","waterCNPCycle"
"none","0.8125","0.875","0.9032258064516129","0.6071428571428571","0.9070567986230637","0.8009592326139089","0.6714801444043321","0.75564681724846","0.8076923076923077","0.7974683544303798","0.5522388059701493","0.8292682926829268","0.9444444444444444","0.7638483965014577","0.875","0.6590909090909091"
