"split","Overall","atomStructure","eclipses","faultsEarthquakes","foodChainsWebs","lifeCycles","moonPhaseEquinox","partsOfA","partsOfTheEarth","photosynthesisRespiration","rockCycle","rockStrata","solarSystem","typesOf","volcano","waterCNPCycle"
"none","0.8299870466321243","0.75","0.9354838709677419","0.6428571428571429","0.9251290877796902","0.7841726618705036","0.6931407942238267","0.8008213552361396","0.75","0.810126582278481","0.6716417910447762","0.8048780487804879","0.8611111111111112","0.793002915451895","0.875","0.6363636363636364"
