"split","Overall","Accounting","Agriculture","Architecture_and_Engineering","Art","Art_Theory","Basic_Medical_Science","Biology","Chemistry","Clinical_Medicine","Computer_Science","Design","Diagnostics_and_Laboratory_Medicine","Economics","Electronics","Energy_and_Power","Finance","Geography","History","Literature","Manage","Marketing","Materials","Math","Mechanical_Engineering","Music","Pharmacy","Physics","Psychology","Public_Health","Sociology","Art & Design","Business","Health & Medicine","Humanities & Social Science","Science","Tech & Engineering"
"validation","0.6344444444444445","0.5333333333333333","0.6333333333333333","0.5","0.6333333333333333","0.9","0.8","0.6333333333333333","0.5333333333333333","0.5666666666666667","0.6333333333333333","0.7333333333333333","0.5666666666666667","0.6","0.7333333333333333","0.5666666666666667","0.6333333333333333","0.6333333333333333","0.7","0.8333333333333334","0.7333333333333333","0.6666666666666666","0.43333333333333335","0.5","0.4","0.5","0.7","0.5333333333333333","0.6333333333333333","0.8","0.7666666666666667","0.6916666666666667","0.6333333333333333","0.6866666666666666","0.7333333333333333","0.5666666666666667","0.5571428571428572"
"dev","0.6466666666666666","0.4","0.2","0.4","1.0","1.0","0.8","0.6","0.6","0.2","0.8","0.6","0.6","0.4","0.8","0.4","0.8","0.6","1.0","0.8","0.6","0.2","0.6","0.8","0.6","0.6","1.0","0.8","0.8","0.6","0.8","0.8","0.48","0.64","0.85","0.68","0.5428571428571428"
