"Task&Skill","tot","prefetch","hit","prefetch_rate","acc"
"Overall","1000","430","352","43.0","35.199999999999996"
"scientific reasoning","122","87","55","71.31147540983606","45.08196721311475"
"textbook question answering","158","98","76","62.0253164556962","48.10126582278481"
"numeric commonsense","144","39","45","27.083333333333332","31.25"
"arithmetic reasoning","353","98","131","27.762039660056658","37.110481586402265"
"visual question answering","179","92","68","51.39664804469274","37.988826815642454"
"geometry reasoning","239","111","77","46.44351464435147","32.21757322175732"
"algebraic reasoning","281","138","89","49.11032028469751","31.672597864768683"
"geometry problem solving","208","103","61","49.519230769230774","29.326923076923077"
"math word problem","186","22","72","11.827956989247312","38.70967741935484"
"logical reasoning","37","23","8","62.16216216216216","21.62162162162162"
"figure question answering","269","115","75","42.75092936802974","27.881040892193308"
"statistical reasoning","301","106","103","35.21594684385382","34.21926910299003"
