"split","Overall","atomStructure","eclipses","faultsEarthquakes","foodChainsWebs","lifeCycles","moonPhaseEquinox","partsOfA","partsOfTheEarth","photosynthesisRespiration","rockCycle","rockStrata","solarSystem","typesOf","volcano","waterCNPCycle"
"none","0.6936528497409327","0.625","0.9032258064516129","0.6428571428571429","0.7521514629948365","0.6067146282973621","0.5342960288808665","0.7371663244353183","0.7115384615384616","0.7974683544303798","0.582089552238806","0.6585365853658537","0.7777777777777778","0.6559766763848397","0.5625","0.6590909090909091"
