"split","Overall","Accounting","Agriculture","Architecture_and_Engineering","Art","Art_Theory","Basic_Medical_Science","Biology","Chemistry","Clinical_Medicine","Computer_Science","Design","Diagnostics_and_Laboratory_Medicine","Economics","Electronics","Energy_and_Power","Finance","Geography","History","Literature","Manage","Marketing","Materials","Math","Mechanical_Engineering","Music","Pharmacy","Physics","Psychology","Public_Health","Sociology","Art & Design","Business","Health & Medicine","Humanities & Social Science","Science","Tech & Engineering"
"dev","0.5","0.2","0.4","0.2","1.0","0.8","0.8","0.8","0.6","0.2","0.6","0.6","0.0","0.0","0.8","0.4","0.6","0.4","0.8","0.8","0.4","0.4","0.8","0.2","0.4","0.0","0.6","0.2","1.0","0.4","0.6","0.6","0.32","0.4","0.8","0.44","0.5142857142857142"
"validation","0.48333333333333334","0.5","0.5","0.36666666666666664","0.6666666666666666","0.7666666666666667","0.5666666666666667","0.5","0.36666666666666664","0.4666666666666667","0.43333333333333335","0.8","0.36666666666666664","0.36666666666666664","0.7666666666666667","0.4","0.5333333333333333","0.5333333333333333","0.6333333333333333","0.8","0.5666666666666667","0.26666666666666666","0.23333333333333334","0.3333333333333333","0.3333333333333333","0.3","0.43333333333333335","0.3","0.4666666666666667","0.36666666666666664","0.5666666666666667","0.6333333333333333","0.44666666666666666","0.44","0.6166666666666667","0.4066666666666667","0.43333333333333335"
