"split","Overall","atomStructure","eclipses","faultsEarthquakes","foodChainsWebs","lifeCycles","moonPhaseEquinox","partsOfA","partsOfTheEarth","photosynthesisRespiration","rockCycle","rockStrata","solarSystem","typesOf","volcano","waterCNPCycle"
"none","0.8241580310880829","0.75","0.9354838709677419","0.5714285714285714","0.8975903614457831","0.8057553956834532","0.6895306859205776","0.8028747433264887","0.7884615384615384","0.810126582278481","0.7164179104477612","0.7560975609756098","0.8888888888888888","0.7900874635568513","1.0","0.6818181818181818"
