"split","Overall","atomStructure","eclipses","faultsEarthquakes","foodChainsWebs","lifeCycles","moonPhaseEquinox","partsOfA","partsOfTheEarth","photosynthesisRespiration","rockCycle","rockStrata","solarSystem","typesOf","volcano","waterCNPCycle"
"none","0.7898316062176166","1.0","0.8387096774193549","0.6785714285714286","0.8631669535283993","0.7577937649880095","0.6967509025270758","0.7700205338809035","0.8076923076923077","0.7215189873417721","0.6417910447761194","0.7073170731707317","0.9166666666666666","0.7521865889212828","1.0","0.4772727272727273"
