"split","Overall","atomStructure","eclipses","faultsEarthquakes","foodChainsWebs","lifeCycles","moonPhaseEquinox","partsOfA","partsOfTheEarth","photosynthesisRespiration","rockCycle","rockStrata","solarSystem","typesOf","volcano","waterCNPCycle"
"none","0.5634715025906736","0.5","0.6129032258064516","0.6071428571428571","0.6135972461273667","0.48201438848920863","0.4404332129963899","0.6098562628336756","0.5769230769230769","0.5063291139240507","0.47761194029850745","0.5121951219512195","0.6388888888888888","0.5568513119533528","0.75","0.4090909090909091"
