"Task&Skill","tot","prefetch","hit","prefetch_rate","acc"
"Overall","1000","606","306","60.6","30.599999999999998"
"scientific reasoning","122","95","46","77.8688524590164","37.704918032786885"
"textbook question answering","158","109","51","68.9873417721519","32.278481012658226"
"numeric commonsense","144","46","33","31.944444444444443","22.916666666666664"
"arithmetic reasoning","353","125","85","35.41076487252124","24.07932011331445"
"visual question answering","179","98","62","54.7486033519553","34.63687150837989"
"geometry reasoning","239","214","54","89.5397489539749","22.594142259414227"
"algebraic reasoning","281","240","63","85.40925266903915","22.419928825622776"
"geometry problem solving","208","203","47","97.59615384615384","22.596153846153847"
"math word problem","186","40","24","21.50537634408602","12.903225806451612"
"logical reasoning","37","26","8","70.27027027027027","21.62162162162162"
"figure question answering","269","156","122","57.99256505576208","45.353159851301115"
"statistical reasoning","301","148","122","49.16943521594684","40.53156146179402"
