"split","Overall","atomStructure","eclipses","faultsEarthquakes","foodChainsWebs","lifeCycles","moonPhaseEquinox","partsOfA","partsOfTheEarth","photosynthesisRespiration","rockCycle","rockStrata","solarSystem","typesOf","volcano","waterCNPCycle"
"none","0.6910621761658031","0.75","0.9354838709677419","0.6428571428571429","0.7616179001721171","0.6187050359712231","0.5523465703971119","0.7166324435318275","0.6923076923076923","0.6835443037974683","0.6268656716417911","0.6341463414634146","0.75","0.6297376093294461","0.6875","0.5454545454545454"
