"split","Overall","atomStructure","eclipses","faultsEarthquakes","foodChainsWebs","lifeCycles","moonPhaseEquinox","partsOfA","partsOfTheEarth","photosynthesisRespiration","rockCycle","rockStrata","solarSystem","typesOf","volcano","waterCNPCycle"
"none","0.7218264248704663","0.75","0.8064516129032258","0.7142857142857143","0.8519793459552496","0.6091127098321343","0.5415162454873647","0.7330595482546202","0.6923076923076923","0.6835443037974683","0.5671641791044776","0.5853658536585366","0.8055555555555556","0.6151603498542274","0.75","0.5227272727272727"
