"split","Overall","atomStructure","eclipses","faultsEarthquakes","foodChainsWebs","lifeCycles","moonPhaseEquinox","partsOfA","partsOfTheEarth","photosynthesisRespiration","rockCycle","rockStrata","solarSystem","typesOf","volcano","waterCNPCycle"
"none","0.8018134715025906","0.75","0.8709677419354839","0.6785714285714286","0.9053356282271945","0.7434052757793765","0.6462093862815884","0.7926078028747433","0.6923076923076923","0.7215189873417721","0.6567164179104478","0.7804878048780488","0.9166666666666666","0.7346938775510204","1.0","0.6136363636363636"
