"split","Overall","atomStructure","eclipses","faultsEarthquakes","foodChainsWebs","lifeCycles","moonPhaseEquinox","partsOfA","partsOfTheEarth","photosynthesisRespiration","rockCycle","rockStrata","solarSystem","typesOf","volcano","waterCNPCycle"
"none","0.7849740932642487","0.875","0.9354838709677419","0.6071428571428571","0.8984509466437177","0.7002398081534772","0.5956678700361011","0.7535934291581109","0.7307692307692307","0.6835443037974683","0.6716417910447762","0.7804878048780488","0.8611111111111112","0.7638483965014577","0.8125","0.6363636363636364"
