"split","Overall","atomStructure","eclipses","faultsEarthquakes","foodChainsWebs","lifeCycles","moonPhaseEquinox","partsOfA","partsOfTheEarth","photosynthesisRespiration","rockCycle","rockStrata","solarSystem","typesOf","volcano","waterCNPCycle"
"none","0.8270725388601037","0.625","0.8709677419354839","0.7142857142857143","0.9096385542168675","0.8009592326139089","0.6389891696750902","0.8172484599589322","0.8461538461538461","0.8354430379746836","0.6567164179104478","0.7804878048780488","0.8611111111111112","0.793002915451895","0.9375","0.7272727272727273"
