"split","Overall","atomStructure","eclipses","faultsEarthquakes","foodChainsWebs","lifeCycles","moonPhaseEquinox","partsOfA","partsOfTheEarth","photosynthesisRespiration","rockCycle","rockStrata","solarSystem","typesOf","volcano","waterCNPCycle"
"none","0.8921632124352331","1.0","0.967741935483871","0.9642857142857143","0.9526678141135972","0.8633093525179856","0.8050541516245487","0.8521560574948666","0.8076923076923077","0.8860759493670886","0.7910447761194029","0.926829268292683","0.9444444444444444","0.8717201166180758","0.9375","0.7727272727272727"
