"split","Overall","atomStructure","eclipses","faultsEarthquakes","foodChainsWebs","lifeCycles","moonPhaseEquinox","partsOfA","partsOfTheEarth","photosynthesisRespiration","rockCycle","rockStrata","solarSystem","typesOf","volcano","waterCNPCycle"
"none","0.8617227979274611","0.75","0.9354838709677419","0.7142857142857143","0.9363166953528399","0.8321342925659473","0.7328519855595668","0.8275154004106776","0.8269230769230769","0.8860759493670886","0.7313432835820896","0.8292682926829268","0.9166666666666666","0.8338192419825073","1.0","0.7727272727272727"
