"split","Overall","atomStructure","eclipses","faultsEarthquakes","foodChainsWebs","lifeCycles","moonPhaseEquinox","partsOfA","partsOfTheEarth","photosynthesisRespiration","rockCycle","rockStrata","solarSystem","typesOf","volcano","waterCNPCycle"
"none","0.4957901554404145","0.5","0.5806451612903226","0.4642857142857143","0.5163511187607573","0.46522781774580335","0.38267148014440433","0.5811088295687885","0.5384615384615384","0.5063291139240507","0.4626865671641791","0.36585365853658536","0.5833333333333334","0.4402332361516035","0.5","0.4318181818181818"
