"split","Overall","atomStructure","eclipses","faultsEarthquakes","foodChainsWebs","lifeCycles","moonPhaseEquinox","partsOfA","partsOfTheEarth","photosynthesisRespiration","rockCycle","rockStrata","solarSystem","typesOf","volcano","waterCNPCycle"
"none","0.8448834196891192","0.75","0.8709677419354839","0.6785714285714286","0.9621342512908778","0.7769784172661871","0.6570397111913358","0.8090349075975359","0.7884615384615384","0.8481012658227848","0.7313432835820896","0.8292682926829268","0.8611111111111112","0.8017492711370262","0.9375","0.6136363636363636"
