"Task&Skill","tot","prefetch","hit","prefetch_rate","acc"
"Overall","1000","540","619","54.0","61.9"
"scientific reasoning","122","94","79","77.04918032786885","64.75409836065575"
"textbook question answering","158","107","95","67.72151898734177","60.12658227848101"
"numeric commonsense","144","39","64","27.083333333333332","44.44444444444444"
"arithmetic reasoning","353","99","215","28.04532577903683","60.90651558073654"
"visual question answering","179","92","93","51.39664804469274","51.955307262569825"
"geometry reasoning","239","212","133","88.70292887029288","55.64853556485355"
"algebraic reasoning","281","239","155","85.05338078291815","55.16014234875445"
"geometry problem solving","208","203","119","97.59615384615384","57.21153846153846"
"math word problem","186","22","143","11.827956989247312","76.88172043010752"
"logical reasoning","37","24","7","64.86486486486487","18.91891891891892"
"figure question answering","269","116","169","43.12267657992565","62.825278810408925"
"statistical reasoning","301","106","212","35.21594684385382","70.43189368770764"
