"Category","tot","acc"
"rec","187","0.0"
"ocr","108","0.9259259259259258"
"know","84","0.0"
"gen","80","0.0"
"spat","75","1.3333333333333335"
"math","26","3.8461538461538463"
"Overall","218","0.45871559633027525"
