"split","Overall","atomStructure","eclipses","faultsEarthquakes","foodChainsWebs","lifeCycles","moonPhaseEquinox","partsOfA","partsOfTheEarth","photosynthesisRespiration","rockCycle","rockStrata","solarSystem","typesOf","volcano","waterCNPCycle"
"none","0.7988989637305699","0.75","0.9354838709677419","0.6071428571428571","0.882960413080895","0.7553956834532374","0.6534296028880866","0.7720739219712526","0.75","0.8481012658227848","0.7014925373134329","0.7804878048780488","0.8611111111111112","0.7521865889212828","0.875","0.6590909090909091"
