"split","Overall","Accounting","Agriculture","Architecture_and_Engineering","Art","Art_Theory","Basic_Medical_Science","Biology","Chemistry","Clinical_Medicine","Computer_Science","Design","Diagnostics_and_Laboratory_Medicine","Economics","Electronics","Energy_and_Power","Finance","Geography","History","Literature","Manage","Marketing","Materials","Math","Mechanical_Engineering","Music","Pharmacy","Physics","Psychology","Public_Health","Sociology","Art & Design","Business","Health & Medicine","Humanities & Social Science","Science","Tech & Engineering"
"dev","0.4666666666666667","0.2","0.2","0.2","0.8","0.6","0.8","0.2","0.2","0.2","0.4","0.6","0.2","0.4","0.8","0.6","0.6","0.0","0.8","1.0","0.6","0.8","0.4","0.6","0.0","0.0","0.4","0.2","0.8","0.6","0.8","0.5","0.52","0.44","0.85","0.24","0.37142857142857144"
"validation","0.5544444444444444","0.4666666666666667","0.5666666666666667","0.43333333333333335","0.7333333333333333","0.8666666666666667","0.43333333333333335","0.5","0.4666666666666667","0.5333333333333333","0.5333333333333333","0.8","0.3333333333333333","0.5333333333333333","0.6","0.43333333333333335","0.4666666666666667","0.5333333333333333","0.8","0.7333333333333333","0.5666666666666667","0.5666666666666667","0.36666666666666664","0.6","0.36666666666666664","0.3","0.5666666666666667","0.5333333333333333","0.7","0.6333333333333333","0.6666666666666666","0.675","0.52","0.5","0.725","0.5266666666666666","0.4714285714285714"
