"split","Overall","atomStructure","eclipses","faultsEarthquakes","foodChainsWebs","lifeCycles","moonPhaseEquinox","partsOfA","partsOfTheEarth","photosynthesisRespiration","rockCycle","rockStrata","solarSystem","typesOf","volcano","waterCNPCycle"
"none","0.727979274611399","0.5","0.7419354838709677","0.5357142857142857","0.8218588640275387","0.6642685851318945","0.6209386281588448","0.7207392197125256","0.6923076923076923","0.6962025316455697","0.6417910447761194","0.6585365853658537","0.8333333333333334","0.6443148688046647","0.8125","0.5909090909090909"
