"split","Overall","atomStructure","eclipses","faultsEarthquakes","foodChainsWebs","lifeCycles","moonPhaseEquinox","partsOfA","partsOfTheEarth","photosynthesisRespiration","rockCycle","rockStrata","solarSystem","typesOf","volcano","waterCNPCycle"
"none","0.6615932642487047","0.75","0.8709677419354839","0.6428571428571429","0.7650602409638554","0.5491606714628298","0.48014440433212996","0.6817248459958932","0.6730769230769231","0.6075949367088608","0.582089552238806","0.5609756097560976","0.7222222222222222","0.5860058309037901","0.75","0.5681818181818182"
