"split","Overall","atomStructure","eclipses","faultsEarthquakes","foodChainsWebs","lifeCycles","moonPhaseEquinox","partsOfA","partsOfTheEarth","photosynthesisRespiration","rockCycle","rockStrata","solarSystem","typesOf","volcano","waterCNPCycle"
"none","0.7062823834196891","1.0","0.6129032258064516","0.4642857142857143","0.8184165232358004","0.6211031175059952","0.5667870036101083","0.6878850102669405","0.6346153846153846","0.6329113924050633","0.6119402985074627","0.6097560975609756","0.8333333333333334","0.641399416909621","0.75","0.6363636363636364"
