"split","Overall","atomStructure","eclipses","faultsEarthquakes","foodChainsWebs","lifeCycles","moonPhaseEquinox","partsOfA","partsOfTheEarth","photosynthesisRespiration","rockCycle","rockStrata","solarSystem","typesOf","volcano","waterCNPCycle"
"none","0.5935880829015544","0.625","0.7419354838709677","0.6428571428571429","0.657487091222031","0.5275779376498801","0.4404332129963899","0.6365503080082136","0.5192307692307693","0.5316455696202531","0.6119402985074627","0.5609756097560976","0.6111111111111112","0.5451895043731778","0.625","0.4318181818181818"
