"split","Overall","atomStructure","eclipses","faultsEarthquakes","foodChainsWebs","lifeCycles","moonPhaseEquinox","partsOfA","partsOfTheEarth","photosynthesisRespiration","rockCycle","rockStrata","solarSystem","typesOf","volcano","waterCNPCycle"
"none","0.5657383419689119","0.5","0.5483870967741935","0.5714285714285714","0.6135972461273667","0.5323741007194245","0.4657039711191336","0.6036960985626283","0.5769230769230769","0.5189873417721519","0.4925373134328358","0.5365853658536586","0.6111111111111112","0.5131195335276968","0.4375","0.4772727272727273"
