"split","Overall","atomStructure","eclipses","faultsEarthquakes","foodChainsWebs","lifeCycles","moonPhaseEquinox","partsOfA","partsOfTheEarth","photosynthesisRespiration","rockCycle","rockStrata","solarSystem","typesOf","volcano","waterCNPCycle"
"none","0.5356217616580311","0.375","0.6129032258064516","0.4642857142857143","0.6101549053356282","0.4556354916067146","0.4007220216606498","0.5708418891170431","0.5576923076923077","0.45569620253164556","0.5522388059701493","0.4878048780487805","0.5277777777777778","0.46938775510204084","0.4375","0.5"
