"split","Overall","Accounting","Agriculture","Architecture_and_Engineering","Art","Art_Theory","Basic_Medical_Science","Biology","Chemistry","Clinical_Medicine","Computer_Science","Design","Diagnostics_and_Laboratory_Medicine","Economics","Electronics","Energy_and_Power","Finance","Geography","History","Literature","Manage","Marketing","Materials","Math","Mechanical_Engineering","Music","Pharmacy","Physics","Psychology","Public_Health","Sociology","Art & Design","Business","Health & Medicine","Humanities & Social Science","Science","Tech & Engineering"
"dev","0.6266666666666667","0.6","0.2","0.4","0.8","1.0","0.8","0.8","0.2","0.6","0.8","0.8","0.2","0.8","1.0","0.6","0.4","0.2","1.0","0.8","0.6","0.6","0.6","0.4","0.4","0.6","0.8","0.6","1.0","0.4","0.8","0.8","0.6","0.56","0.9","0.44","0.5714285714285714"
"validation","0.6333333333333333","0.5666666666666667","0.5666666666666667","0.3333333333333333","0.7666666666666667","0.8666666666666667","0.7333333333333333","0.4666666666666667","0.4666666666666667","0.6333333333333333","0.6","0.7333333333333333","0.4666666666666667","0.6333333333333333","0.8333333333333334","0.5","0.4666666666666667","0.6666666666666666","0.8333333333333334","0.9","0.7","0.8333333333333334","0.5666666666666667","0.4666666666666667","0.4666666666666667","0.3333333333333333","0.7333333333333333","0.6","0.7333333333333333","0.8333333333333334","0.7","0.675","0.64","0.68","0.7916666666666666","0.5333333333333333","0.5523809523809524"
