"split","Overall","atomStructure","eclipses","faultsEarthquakes","foodChainsWebs","lifeCycles","moonPhaseEquinox","partsOfA","partsOfTheEarth","photosynthesisRespiration","rockCycle","rockStrata","solarSystem","typesOf","volcano","waterCNPCycle"
"none","0.8536269430051814","0.75","0.967741935483871","0.7857142857142857","0.9500860585197934","0.7817745803357314","0.7292418772563177","0.8090349075975359","0.8076923076923077","0.7974683544303798","0.7611940298507462","0.8292682926829268","0.9722222222222222","0.8221574344023324","1.0","0.6590909090909091"
