"split","Overall","atomStructure","eclipses","faultsEarthquakes","foodChainsWebs","lifeCycles","moonPhaseEquinox","partsOfA","partsOfTheEarth","photosynthesisRespiration","rockCycle","rockStrata","solarSystem","typesOf","volcano","waterCNPCycle"
"none","0.7629533678756477","0.75","0.7419354838709677","0.6428571428571429","0.9104991394148021","0.6306954436450839","0.5776173285198556","0.7412731006160165","0.7307692307692307","0.6582278481012658","0.6417910447761194","0.6829268292682927","0.8333333333333334","0.6909620991253644","0.875","0.5681818181818182"
