"Task&Skill","tot","prefetch","hit","prefetch_rate","acc"
"Overall","1000","531","424","53.1","42.4"
"scientific reasoning","122","88","72","72.1311475409836","59.01639344262295"
"textbook question answering","158","100","89","63.29113924050633","56.32911392405063"
"numeric commonsense","144","49","42","34.02777777777778","29.166666666666668"
"arithmetic reasoning","353","108","86","30.59490084985836","24.362606232294617"
"visual question answering","179","96","65","53.63128491620112","36.312849162011176"
"geometry reasoning","239","157","129","65.69037656903765","53.97489539748954"
"algebraic reasoning","281","186","157","66.19217081850533","55.871886120996436"
"geometry problem solving","208","149","123","71.63461538461539","59.13461538461539"
"math word problem","186","32","35","17.20430107526882","18.817204301075268"
"logical reasoning","37","22","7","59.45945945945946","18.91891891891892"
"figure question answering","269","154","112","57.249070631970255","41.63568773234201"
"statistical reasoning","301","146","119","48.50498338870432","39.53488372093023"
