"split","Overall","atomStructure","eclipses","faultsEarthquakes","foodChainsWebs","lifeCycles","moonPhaseEquinox","partsOfA","partsOfTheEarth","photosynthesisRespiration","rockCycle","rockStrata","solarSystem","typesOf","volcano","waterCNPCycle"
"none","0.6107512953367875","0.625","0.6129032258064516","0.5714285714285714","0.685025817555938","0.5107913669064749","0.49458483754512633","0.6447638603696099","0.5384615384615384","0.6329113924050633","0.4925373134328358","0.5853658536585366","0.75","0.5714285714285714","0.625","0.4090909090909091"
