"Task&Skill","tot","prefetch","hit","prefetch_rate","acc"
"Overall","1000","594","294","59.4","29.4"
"scientific reasoning","122","94","51","77.04918032786885","41.80327868852459"
"textbook question answering","158","108","70","68.35443037974683","44.303797468354425"
"numeric commonsense","144","48","40","33.33333333333333","27.77777777777778"
"arithmetic reasoning","353","142","112","40.226628895184135","31.728045325779036"
"visual question answering","179","102","68","56.98324022346368","37.988826815642454"
"geometry reasoning","239","215","59","89.9581589958159","24.686192468619247"
"algebraic reasoning","281","241","75","85.76512455516014","26.690391459074732"
"geometry problem solving","208","204","51","98.07692307692307","24.519230769230766"
"math word problem","186","54","47","29.03225806451613","25.268817204301076"
"logical reasoning","37","24","4","64.86486486486487","10.81081081081081"
"figure question answering","269","126","58","46.84014869888476","21.561338289962826"
"statistical reasoning","301","120","74","39.8671096345515","24.58471760797342"
