"split","Overall","atomStructure","eclipses","faultsEarthquakes","foodChainsWebs","lifeCycles","moonPhaseEquinox","partsOfA","partsOfTheEarth","photosynthesisRespiration","rockCycle","rockStrata","solarSystem","typesOf","volcano","waterCNPCycle"
"none","0.6139896373056994","0.75","0.6774193548387096","0.6428571428571429","0.6729776247848537","0.5227817745803357","0.4981949458483754","0.6550308008213552","0.6346153846153846","0.5569620253164557","0.5074626865671642","0.6585365853658537","0.75","0.577259475218659","0.75","0.4318181818181818"
