"split","Overall","atomStructure","eclipses","faultsEarthquakes","foodChainsWebs","lifeCycles","moonPhaseEquinox","partsOfA","partsOfTheEarth","photosynthesisRespiration","rockCycle","rockStrata","solarSystem","typesOf","volcano","waterCNPCycle"
"none","0.6583549222797928","0.625","0.8387096774193549","0.6071428571428571","0.7435456110154905","0.5515587529976019","0.5234657039711191","0.6899383983572895","0.6923076923076923","0.5569620253164557","0.47761194029850745","0.7317073170731707","0.75","0.5947521865889213","0.625","0.6136363636363636"
