"split","Overall","atomStructure","eclipses","faultsEarthquakes","foodChainsWebs","lifeCycles","moonPhaseEquinox","partsOfA","partsOfTheEarth","photosynthesisRespiration","rockCycle","rockStrata","solarSystem","typesOf","volcano","waterCNPCycle"
"none","0.7182642487046632","0.75","0.7741935483870968","0.5357142857142857","0.810671256454389","0.6618705035971223","0.5415162454873647","0.6837782340862423","0.7884615384615384","0.6708860759493671","0.6417910447761194","0.8048780487804879","0.8611111111111112","0.6793002915451894","0.8125","0.5681818181818182"
