"split","Overall","atomStructure","eclipses","faultsEarthquakes","foodChainsWebs","lifeCycles","moonPhaseEquinox","partsOfA","partsOfTheEarth","photosynthesisRespiration","rockCycle","rockStrata","solarSystem","typesOf","volcano","waterCNPCycle"
"none","0.4676165803108808","0.625","0.4838709677419355","0.5357142857142857","0.5524956970740104","0.37889688249400477","0.36101083032490977","0.4989733059548255","0.2692307692307692","0.5189873417721519","0.373134328358209","0.4146341463414634","0.5555555555555556","0.36443148688046645","0.5","0.36363636363636365"
