"Task&Skill","tot","prefetch","hit","prefetch_rate","acc"
"Overall","1000","577","302","57.699999999999996","30.2"
"scientific reasoning","122","95","42","77.8688524590164","34.42622950819672"
"textbook question answering","158","109","50","68.9873417721519","31.645569620253166"
"numeric commonsense","144","46","35","31.944444444444443","24.305555555555554"
"arithmetic reasoning","353","109","104","30.878186968838527","29.461756373937675"
"visual question answering","179","100","61","55.865921787709496","34.07821229050279"
"geometry reasoning","239","212","59","88.70292887029288","24.686192468619247"
"algebraic reasoning","281","241","63","85.76512455516014","22.419928825622776"
"geometry problem solving","208","203","48","97.59615384615384","23.076923076923077"
"math word problem","186","23","55","12.365591397849462","29.56989247311828"
"logical reasoning","37","24","10","64.86486486486487","27.027027027027028"
"figure question answering","269","142","88","52.78810408921933","32.71375464684015"
"statistical reasoning","301","133","90","44.18604651162791","29.900332225913623"
