"split","Overall","Accounting","Agriculture","Architecture_and_Engineering","Art","Art_Theory","Basic_Medical_Science","Biology","Chemistry","Clinical_Medicine","Computer_Science","Design","Diagnostics_and_Laboratory_Medicine","Economics","Electronics","Energy_and_Power","Finance","Geography","History","Literature","Manage","Marketing","Materials","Math","Mechanical_Engineering","Music","Pharmacy","Physics","Psychology","Public_Health","Sociology","Art & Design","Business","Health & Medicine","Humanities & Social Science","Science","Tech & Engineering"
"validation","0.31444444444444447","0.23333333333333334","0.3333333333333333","0.3","0.4","0.13333333333333333","0.36666666666666664","0.3333333333333333","0.26666666666666666","0.26666666666666666","0.36666666666666664","0.4","0.2","0.3333333333333333","0.3","0.36666666666666664","0.26666666666666666","0.23333333333333334","0.3333333333333333","0.7666666666666667","0.26666666666666666","0.36666666666666664","0.23333333333333334","0.26666666666666666","0.3333333333333333","0.3","0.43333333333333335","0.2","0.13333333333333333","0.3333333333333333","0.36666666666666664","0.30833333333333335","0.29333333333333333","0.32","0.4","0.26","0.319047619047619"
"dev","0.29333333333333333","0.0","0.6","0.2","0.4","0.0","0.4","0.4","0.4","0.2","0.4","0.2","0.0","0.2","0.8","0.6","0.2","0.2","0.2","0.6","0.0","0.4","0.0","0.2","0.0","0.0","0.4","0.2","0.4","0.4","0.8","0.15","0.16","0.28","0.5","0.28","0.37142857142857144"
