"Task&Skill","tot","prefetch","hit","prefetch_rate","acc"
"Overall","1000","700","445","70.0","44.5"
"scientific reasoning","122","95","63","77.8688524590164","51.63934426229508"
"textbook question answering","158","117","81","74.0506329113924","51.26582278481012"
"numeric commonsense","144","60","46","41.66666666666667","31.944444444444443"
"arithmetic reasoning","353","186","156","52.69121813031161","44.19263456090651"
"visual question answering","179","101","70","56.424581005586596","39.10614525139665"
"geometry reasoning","239","220","83","92.05020920502092","34.72803347280335"
"algebraic reasoning","281","249","101","88.61209964412812","35.94306049822064"
"geometry problem solving","208","203","72","97.59615384615384","34.61538461538461"
"math word problem","186","110","97","59.13978494623656","52.1505376344086"
"logical reasoning","37","25","9","67.56756756756756","24.324324324324326"
"figure question answering","269","169","125","62.825278810408925","46.468401486988846"
"statistical reasoning","301","189","158","62.7906976744186","52.49169435215947"
