"split","Overall","atomStructure","eclipses","faultsEarthquakes","foodChainsWebs","lifeCycles","moonPhaseEquinox","partsOfA","partsOfTheEarth","photosynthesisRespiration","rockCycle","rockStrata","solarSystem","typesOf","volcano","waterCNPCycle"
"none","0.8435880829015544","0.875","0.8387096774193549","0.75","0.9492254733218589","0.841726618705036","0.6606498194945848","0.7885010266940452","0.7307692307692307","0.8734177215189873","0.6567164179104478","0.7317073170731707","0.9444444444444444","0.793002915451895","0.75","0.7045454545454546"
