"split","Overall","atomStructure","eclipses","faultsEarthquakes","foodChainsWebs","lifeCycles","moonPhaseEquinox","partsOfA","partsOfTheEarth","photosynthesisRespiration","rockCycle","rockStrata","solarSystem","typesOf","volcano","waterCNPCycle"
"none","0.772020725388601","0.75","0.8387096774193549","0.6785714285714286","0.9096385542168675","0.6546762589928058","0.6028880866425993","0.7453798767967146","0.7307692307692307","0.6708860759493671","0.6268656716417911","0.6585365853658537","0.8333333333333334","0.7084548104956269","0.8125","0.6136363636363636"
