"Task&Skill","tot","prefetch","hit","prefetch_rate","acc"
"Overall","1000","566","285","56.599999999999994","28.499999999999996"
"scientific reasoning","122","89","58","72.95081967213115","47.540983606557376"
"textbook question answering","158","107","72","67.72151898734177","45.56962025316456"
"numeric commonsense","144","56","39","38.88888888888889","27.083333333333332"
"arithmetic reasoning","353","128","91","36.26062322946176","25.77903682719547"
"visual question answering","179","109","70","60.893854748603346","39.10614525139665"
"geometry reasoning","239","205","51","85.77405857740585","21.338912133891213"
"algebraic reasoning","281","238","74","84.69750889679716","26.334519572953734"
"geometry problem solving","208","197","46","94.71153846153845","22.115384615384613"
"math word problem","186","35","29","18.817204301075268","15.591397849462366"
"logical reasoning","37","12","1","32.432432432432435","2.7027027027027026"
"figure question answering","269","118","68","43.866171003717476","25.27881040892193"
"statistical reasoning","301","121","82","40.19933554817276","27.242524916943523"
