"split","Overall","atomStructure","eclipses","faultsEarthquakes","foodChainsWebs","lifeCycles","moonPhaseEquinox","partsOfA","partsOfTheEarth","photosynthesisRespiration","rockCycle","rockStrata","solarSystem","typesOf","volcano","waterCNPCycle"
"none","0.6865284974093264","0.5","0.6774193548387096","0.6785714285714286","0.8253012048192772","0.5995203836930456","0.6173285198555957","0.6406570841889117","0.6730769230769231","0.5949367088607594","0.5373134328358209","0.6341463414634146","0.7222222222222222","0.5422740524781341","0.625","0.4090909090909091"
