"split","Overall","atomStructure","eclipses","faultsEarthquakes","foodChainsWebs","lifeCycles","moonPhaseEquinox","partsOfA","partsOfTheEarth","photosynthesisRespiration","rockCycle","rockStrata","solarSystem","typesOf","volcano","waterCNPCycle"
"none","0.5576424870466321","0.5","0.5483870967741935","0.5714285714285714","0.6101549053356282","0.5227817745803357","0.4981949458483754","0.5441478439425051","0.5576923076923077","0.5822784810126582","0.5074626865671642","0.5609756097560976","0.5555555555555556","0.5247813411078717","0.4375","0.36363636363636365"
