"split","Overall","Accounting","Agriculture","Architecture_and_Engineering","Art","Art_Theory","Basic_Medical_Science","Biology","Chemistry","Clinical_Medicine","Computer_Science","Design","Diagnostics_and_Laboratory_Medicine","Economics","Electronics","Energy_and_Power","Finance","Geography","History","Literature","Manage","Marketing","Materials","Math","Mechanical_Engineering","Music","Pharmacy","Physics","Psychology","Public_Health","Sociology","Art & Design","Business","Health & Medicine","Humanities & Social Science","Science","Tech & Engineering"
"validation","0.42","0.43333333333333335","0.5333333333333333","0.3333333333333333","0.6","0.5666666666666667","0.4","0.4","0.3333333333333333","0.36666666666666664","0.36666666666666664","0.5666666666666667","0.43333333333333335","0.5333333333333333","0.4666666666666667","0.3333333333333333","0.26666666666666666","0.3333333333333333","0.43333333333333335","0.7","0.23333333333333334","0.3","0.36666666666666664","0.5","0.3333333333333333","0.43333333333333335","0.4","0.3333333333333333","0.3","0.36666666666666664","0.6333333333333333","0.5416666666666666","0.35333333333333333","0.3933333333333333","0.5166666666666667","0.38","0.3904761904761905"
"dev","0.34","0.6","0.0","0.2","0.2","0.4","0.8","0.4","0.2","0.2","0.4","0.6","0.4","0.2","0.2","0.2","0.0","0.0","0.6","0.2","0.6","0.2","0.4","0.4","0.4","0.0","0.4","0.6","0.2","0.4","0.8","0.3","0.32","0.44","0.45","0.32","0.2571428571428571"
