"Task&Skill","tot","prefetch","hit","prefetch_rate","acc"
"Overall","1000","540","540","54.0","54.0"
"scientific reasoning","122","94","66","77.04918032786885","54.09836065573771"
"textbook question answering","158","107","89","67.72151898734177","56.32911392405063"
"numeric commonsense","144","39","60","27.083333333333332","41.66666666666667"
"arithmetic reasoning","353","99","178","28.04532577903683","50.42492917847026"
"visual question answering","179","92","77","51.39664804469274","43.01675977653631"
"geometry reasoning","239","212","140","88.70292887029288","58.57740585774059"
"algebraic reasoning","281","239","159","85.05338078291815","56.58362989323843"
"geometry problem solving","208","203","122","97.59615384615384","58.65384615384615"
"math word problem","186","22","120","11.827956989247312","64.51612903225806"
"logical reasoning","37","24","3","64.86486486486487","8.108108108108109"
"figure question answering","269","116","132","43.12267657992565","49.07063197026022"
"statistical reasoning","301","106","173","35.21594684385382","57.475083056478404"
