"split","Overall","atomStructure","eclipses","faultsEarthquakes","foodChainsWebs","lifeCycles","moonPhaseEquinox","partsOfA","partsOfTheEarth","photosynthesisRespiration","rockCycle","rockStrata","solarSystem","typesOf","volcano","waterCNPCycle"
"none","0.8617227979274611","0.75","0.9354838709677419","0.75","0.9432013769363167","0.8609112709832134","0.7111913357400722","0.8316221765913757","0.8461538461538461","0.8227848101265823","0.7014925373134329","0.7560975609756098","0.9166666666666666","0.8163265306122449","1.0","0.7272727272727273"
