"split","Overall","atomStructure","eclipses","faultsEarthquakes","foodChainsWebs","lifeCycles","moonPhaseEquinox","partsOfA","partsOfTheEarth","photosynthesisRespiration","rockCycle","rockStrata","solarSystem","typesOf","volcano","waterCNPCycle"
"none","0.6541450777202072","0.625","0.7419354838709677","0.5357142857142857","0.7323580034423408","0.5635491606714629","0.5090252707581228","0.6981519507186859","0.6346153846153846","0.5822784810126582","0.47761194029850745","0.7317073170731707","0.75","0.60932944606414","0.625","0.5227272727272727"
