"Task&Skill","tot","prefetch","hit","prefetch_rate","acc"
"Overall","1000","540","285","54.0","28.499999999999996"
"scientific reasoning","122","94","55","77.04918032786885","45.08196721311475"
"textbook question answering","158","107","75","67.72151898734177","47.46835443037975"
"numeric commonsense","144","39","36","27.083333333333332","25.0"
"arithmetic reasoning","353","99","91","28.04532577903683","25.77903682719547"
"visual question answering","179","92","69","51.39664804469274","38.547486033519554"
"geometry reasoning","239","212","62","88.70292887029288","25.94142259414226"
"algebraic reasoning","281","239","78","85.05338078291815","27.75800711743772"
"geometry problem solving","208","203","50","97.59615384615384","24.03846153846154"
"math word problem","186","22","32","11.827956989247312","17.20430107526882"
"logical reasoning","37","24","6","64.86486486486487","16.216216216216218"
"figure question answering","269","116","59","43.12267657992565","21.933085501858738"
"statistical reasoning","301","106","70","35.21594684385382","23.25581395348837"
