"split","Overall","atomStructure","eclipses","faultsEarthquakes","foodChainsWebs","lifeCycles","moonPhaseEquinox","partsOfA","partsOfTheEarth","photosynthesisRespiration","rockCycle","rockStrata","solarSystem","typesOf","volcano","waterCNPCycle"
"none","0.7558290155440415","0.75","0.7419354838709677","0.6785714285714286","0.8631669535283993","0.6954436450839329","0.6028880866425993","0.7330595482546202","0.7884615384615384","0.620253164556962","0.6268656716417911","0.7073170731707317","0.8888888888888888","0.6967930029154519","0.75","0.5681818181818182"
