"split","Overall","atomStructure","eclipses","faultsEarthquakes","foodChainsWebs","lifeCycles","moonPhaseEquinox","partsOfA","partsOfTheEarth","photosynthesisRespiration","rockCycle","rockStrata","solarSystem","typesOf","volcano","waterCNPCycle"
"none","0.719559585492228","0.625","0.7741935483870968","0.5714285714285714","0.8416523235800344","0.6187050359712231","0.5379061371841155","0.7227926078028748","0.6730769230769231","0.7721518987341772","0.6716417910447762","0.5121951219512195","0.8333333333333334","0.60932944606414","0.875","0.5681818181818182"
