"split","Overall","atomStructure","eclipses","faultsEarthquakes","foodChainsWebs","lifeCycles","moonPhaseEquinox","partsOfA","partsOfTheEarth","photosynthesisRespiration","rockCycle","rockStrata","solarSystem","typesOf","volcano","waterCNPCycle"
"none","0.2538860103626943","0.375","0.3548387096774194","0.10714285714285714","0.2667814113597246","0.24940047961630696","0.23826714801444043","0.2464065708418891","0.19230769230769232","0.22784810126582278","0.29850746268656714","0.24390243902439024","0.3888888888888889","0.23615160349854228","0.1875","0.25"
