"Task&Skill","tot","prefetch","hit","prefetch_rate","acc"
"Overall","1000","633","585","63.3","58.5"
"scientific reasoning","122","94","67","77.04918032786885","54.91803278688525"
"textbook question answering","158","110","84","69.62025316455697","53.16455696202531"
"numeric commonsense","144","66","66","45.83333333333333","45.83333333333333"
"arithmetic reasoning","353","202","226","57.22379603399433","64.02266288951841"
"visual question answering","179","99","97","55.3072625698324","54.18994413407822"
"geometry reasoning","239","130","136","54.39330543933054","56.903765690376574"
"algebraic reasoning","281","159","143","56.58362989323843","50.88967971530249"
"geometry problem solving","208","120","118","57.692307692307686","56.730769230769226"
"math word problem","186","138","153","74.19354838709677","82.25806451612904"
"logical reasoning","37","22","5","59.45945945945946","13.513513513513514"
"figure question answering","269","166","133","61.71003717472119","49.44237918215613"
"statistical reasoning","301","195","184","64.78405315614619","61.12956810631229"
