"split","Overall","atomStructure","eclipses","faultsEarthquakes","foodChainsWebs","lifeCycles","moonPhaseEquinox","partsOfA","partsOfTheEarth","photosynthesisRespiration","rockCycle","rockStrata","solarSystem","typesOf","volcano","waterCNPCycle"
"none","0.7862694300518135","0.625","0.967741935483871","0.6071428571428571","0.9104991394148021","0.7338129496402878","0.6028880866425993","0.7371663244353183","0.7307692307692307","0.6835443037974683","0.6119402985074627","0.7073170731707317","0.9444444444444444","0.7142857142857143","0.875","0.7045454545454546"
