"Task&Skill","tot","prefetch","hit","prefetch_rate","acc"
"Overall","1000","529","525","52.900000000000006","52.5"
"scientific reasoning","122","93","73","76.22950819672131","59.83606557377049"
"textbook question answering","158","107","87","67.72151898734177","55.06329113924051"
"numeric commonsense","144","39","62","27.083333333333332","43.05555555555556"
"arithmetic reasoning","353","99","156","28.04532577903683","44.19263456090651"
"visual question answering","179","92","90","51.39664804469274","50.27932960893855"
"geometry reasoning","239","202","152","84.51882845188284","63.59832635983263"
"algebraic reasoning","281","229","163","81.49466192170819","58.00711743772242"
"geometry problem solving","208","193","134","92.78846153846155","64.42307692307693"
"math word problem","186","22","96","11.827956989247312","51.61290322580645"
"logical reasoning","37","24","4","64.86486486486487","10.81081081081081"
"figure question answering","269","115","118","42.75092936802974","43.866171003717476"
"statistical reasoning","301","105","161","34.883720930232556","53.48837209302325"
