"split","Overall","atomStructure","eclipses","faultsEarthquakes","foodChainsWebs","lifeCycles","moonPhaseEquinox","partsOfA","partsOfTheEarth","photosynthesisRespiration","rockCycle","rockStrata","solarSystem","typesOf","volcano","waterCNPCycle"
"none","0.7937176165803109","0.75","0.9032258064516129","0.7142857142857143","0.891566265060241","0.7865707434052758","0.6028880866425993","0.7864476386036962","0.7115384615384616","0.7974683544303798","0.6716417910447762","0.7317073170731707","0.8333333333333334","0.6880466472303207","0.875","0.6363636363636364"
