"split","Overall","atomStructure","eclipses","faultsEarthquakes","foodChainsWebs","lifeCycles","moonPhaseEquinox","partsOfA","partsOfTheEarth","photosynthesisRespiration","rockCycle","rockStrata","solarSystem","typesOf","volcano","waterCNPCycle"
"none","0.6311528497409327","0.375","0.7419354838709677","0.5357142857142857","0.7228915662650602","0.5083932853717026","0.49097472924187724","0.6673511293634496","0.5961538461538461","0.5949367088607594","0.5522388059701493","0.5853658536585366","0.6944444444444444","0.5830903790087464","0.5625","0.5"
