"split","Overall","atomStructure","eclipses","faultsEarthquakes","foodChainsWebs","lifeCycles","moonPhaseEquinox","partsOfA","partsOfTheEarth","photosynthesisRespiration","rockCycle","rockStrata","solarSystem","typesOf","volcano","waterCNPCycle"
"none","0.8063471502590673","0.75","0.8709677419354839","0.6428571428571429","0.9018932874354562","0.7697841726618705","0.6787003610108303","0.7802874743326489","0.8076923076923077","0.7215189873417721","0.7313432835820896","0.7317073170731707","0.8888888888888888","0.7317784256559767","1.0","0.5681818181818182"
