"split","Overall","atomStructure","eclipses","faultsEarthquakes","foodChainsWebs","lifeCycles","moonPhaseEquinox","partsOfA","partsOfTheEarth","photosynthesisRespiration","rockCycle","rockStrata","solarSystem","typesOf","volcano","waterCNPCycle"
"none","0.7406088082901554","0.75","0.9354838709677419","0.6785714285714286","0.8261617900172117","0.7122302158273381","0.6209386281588448","0.7207392197125256","0.6923076923076923","0.759493670886076","0.6119402985074627","0.6341463414634146","0.75","0.6647230320699709","0.875","0.4772727272727273"
