"split","Overall","atomStructure","eclipses","faultsEarthquakes","foodChainsWebs","lifeCycles","moonPhaseEquinox","partsOfA","partsOfTheEarth","photosynthesisRespiration","rockCycle","rockStrata","solarSystem","typesOf","volcano","waterCNPCycle"
"none","0.8497409326424871","0.625","0.8709677419354839","0.7142857142857143","0.9423407917383821","0.8321342925659473","0.6931407942238267","0.8049281314168378","0.8461538461538461","0.8607594936708861","0.7313432835820896","0.8292682926829268","0.8888888888888888","0.8017492711370262","0.875","0.6818181818181818"
