"split","Overall","atomStructure","eclipses","faultsEarthquakes","foodChainsWebs","lifeCycles","moonPhaseEquinox","partsOfA","partsOfTheEarth","photosynthesisRespiration","rockCycle","rockStrata","solarSystem","typesOf","volcano","waterCNPCycle"
"none","0.8908678756476683","0.875","0.967741935483871","0.6428571428571429","0.9733218588640276","0.8848920863309353","0.7545126353790613","0.8480492813141683","0.8653846153846154","0.8607594936708861","0.7761194029850746","0.8292682926829268","0.9722222222222222","0.8425655976676385","0.9375","0.8181818181818182"
