"Task&Skill","tot","prefetch","hit","prefetch_rate","acc"
"Overall","1000","495","375","49.5","37.5"
"scientific reasoning","122","85","58","69.67213114754098","47.540983606557376"
"textbook question answering","158","97","71","61.39240506329114","44.936708860759495"
"numeric commonsense","144","39","33","27.083333333333332","22.916666666666664"
"arithmetic reasoning","353","97","134","27.47875354107649","37.960339943342774"
"visual question answering","179","91","66","50.83798882681564","36.87150837988827"
"geometry reasoning","239","182","99","76.15062761506276","41.42259414225941"
"algebraic reasoning","281","209","112","74.37722419928826","39.8576512455516"
"geometry problem solving","208","173","88","83.17307692307693","42.30769230769231"
"math word problem","186","22","70","11.827956989247312","37.634408602150536"
"logical reasoning","37","20","4","54.054054054054056","10.81081081081081"
"figure question answering","269","112","80","41.63568773234201","29.739776951672862"
"statistical reasoning","301","106","109","35.21594684385382","36.21262458471761"
