"split","Overall","Accounting","Agriculture","Architecture_and_Engineering","Art","Art_Theory","Basic_Medical_Science","Biology","Chemistry","Clinical_Medicine","Computer_Science","Design","Diagnostics_and_Laboratory_Medicine","Economics","Electronics","Energy_and_Power","Finance","Geography","History","Literature","Manage","Marketing","Materials","Math","Mechanical_Engineering","Music","Pharmacy","Physics","Psychology","Public_Health","Sociology","Art & Design","Business","Health & Medicine","Humanities & Social Science","Science","Tech & Engineering"
"dev","0.6266666666666667","0.6","0.8","0.4","0.6","0.8","0.8","0.6","0.8","0.4","1.0","0.8","0.4","0.8","0.2","0.4","0.6","0.8","1.0","0.6","0.6","1.0","0.4","0.6","0.2","0.4","0.8","0.8","0.6","0.4","0.6","0.65","0.72","0.56","0.7","0.72","0.4857142857142857"
"validation","0.39222222222222225","0.43333333333333335","0.43333333333333335","0.26666666666666666","0.5","0.6666666666666666","0.43333333333333335","0.4","0.3333333333333333","0.36666666666666664","0.36666666666666664","0.5666666666666667","0.26666666666666666","0.4666666666666667","0.43333333333333335","0.16666666666666666","0.23333333333333334","0.5","0.5333333333333333","0.5333333333333333","0.36666666666666664","0.3333333333333333","0.3","0.3333333333333333","0.23333333333333334","0.2","0.4666666666666667","0.36666666666666664","0.4","0.36666666666666664","0.5","0.48333333333333334","0.36666666666666664","0.38","0.49166666666666664","0.38666666666666666","0.3142857142857143"
