"split","Overall","atomStructure","eclipses","faultsEarthquakes","foodChainsWebs","lifeCycles","moonPhaseEquinox","partsOfA","partsOfTheEarth","photosynthesisRespiration","rockCycle","rockStrata","solarSystem","typesOf","volcano","waterCNPCycle"
"none","0.5987694300518135","0.75","0.7096774193548387","0.42857142857142855","0.6996557659208261","0.43884892086330934","0.4693140794223827","0.6262833675564682","0.6346153846153846","0.6962025316455697","0.5373134328358209","0.43902439024390244","0.75","0.5131195335276968","0.6875","0.5"
