"split","Overall","atomStructure","eclipses","faultsEarthquakes","foodChainsWebs","lifeCycles","moonPhaseEquinox","partsOfA","partsOfTheEarth","photosynthesisRespiration","rockCycle","rockStrata","solarSystem","typesOf","volcano","waterCNPCycle"
"none","0.844559585492228","0.75","1.0","0.6071428571428571","0.9216867469879518","0.8249400479616307","0.740072202166065","0.811088295687885","0.8076923076923077","0.810126582278481","0.6567164179104478","0.7560975609756098","0.9444444444444444","0.8046647230320699","1.0","0.7272727272727273"
