"split","Overall","atomStructure","eclipses","faultsEarthquakes","foodChainsWebs","lifeCycles","moonPhaseEquinox","partsOfA","partsOfTheEarth","photosynthesisRespiration","rockCycle","rockStrata","solarSystem","typesOf","volcano","waterCNPCycle"
"none","0.7088730569948186","0.75","0.8709677419354839","0.6428571428571429","0.8166953528399311","0.6426858513189448","0.5306859205776173","0.702258726899384","0.7115384615384616","0.6455696202531646","0.5671641791044776","0.6829268292682927","0.75","0.6268221574344023","0.75","0.5454545454545454"
