"split","Overall","Accounting","Agriculture","Architecture_and_Engineering","Art","Art_Theory","Basic_Medical_Science","Biology","Chemistry","Clinical_Medicine","Computer_Science","Design","Diagnostics_and_Laboratory_Medicine","Economics","Electronics","Energy_and_Power","Finance","Geography","History","Literature","Manage","Marketing","Materials","Math","Mechanical_Engineering","Music","Pharmacy","Physics","Psychology","Public_Health","Sociology","Art & Design","Business","Health & Medicine","Humanities & Social Science","Science","Tech & Engineering"
"dev","0.3466666666666667","0.4","0.2","0.4","0.6","0.2","0.4","0.0","0.6","0.4","0.6","0.2","0.2","0.2","0.2","0.2","0.2","0.0","0.4","0.4","0.8","0.6","0.2","0.4","0.4","0.6","0.2","0.2","0.4","0.0","0.8","0.4","0.44","0.24","0.5","0.24","0.3142857142857143"
"validation","0.33666666666666667","0.26666666666666666","0.3","0.4","0.5","0.43333333333333335","0.36666666666666664","0.26666666666666666","0.23333333333333334","0.3","0.23333333333333334","0.4666666666666667","0.3333333333333333","0.26666666666666666","0.3","0.4666666666666667","0.13333333333333333","0.26666666666666666","0.3","0.8666666666666667","0.3","0.26666666666666666","0.13333333333333333","0.3333333333333333","0.3333333333333333","0.26666666666666666","0.36666666666666664","0.4","0.2","0.3333333333333333","0.4666666666666667","0.4166666666666667","0.24666666666666667","0.34","0.4583333333333333","0.3","0.30952380952380953"
