"split","Overall","atomStructure","eclipses","faultsEarthquakes","foodChainsWebs","lifeCycles","moonPhaseEquinox","partsOfA","partsOfTheEarth","photosynthesisRespiration","rockCycle","rockStrata","solarSystem","typesOf","volcano","waterCNPCycle"
"none","0.5790155440414507","0.375","0.6129032258064516","0.5357142857142857","0.6712564543889845","0.5107913669064749","0.4368231046931408","0.5790554414784395","0.5576923076923077","0.5569620253164557","0.5223880597014925","0.4878048780487805","0.6111111111111112","0.5014577259475219","0.6875","0.5"
