"Task&Skill","tot","prefetch","hit","prefetch_rate","acc"
"Overall","1000","554","318","55.400000000000006","31.8"
"scientific reasoning","122","92","49","75.40983606557377","40.16393442622951"
"textbook question answering","158","102","55","64.55696202531645","34.810126582278485"
"numeric commonsense","144","40","23","27.77777777777778","15.972222222222221"
"arithmetic reasoning","353","125","85","35.41076487252124","24.07932011331445"
"visual question answering","179","94","55","52.513966480446925","30.726256983240223"
"geometry reasoning","239","179","71","74.89539748953975","29.707112970711297"
"algebraic reasoning","281","202","83","71.88612099644128","29.537366548042705"
"geometry problem solving","208","168","67","80.76923076923077","32.21153846153847"
"math word problem","186","44","27","23.655913978494624","14.516129032258066"
"logical reasoning","37","24","2","64.86486486486487","5.405405405405405"
"figure question answering","269","146","114","54.27509293680297","42.37918215613383"
"statistical reasoning","301","142","123","47.176079734219265","40.863787375415285"
