"split","Overall","atomStructure","eclipses","faultsEarthquakes","foodChainsWebs","lifeCycles","moonPhaseEquinox","partsOfA","partsOfTheEarth","photosynthesisRespiration","rockCycle","rockStrata","solarSystem","typesOf","volcano","waterCNPCycle"
"none","0.8717616580310881","0.75","1.0","0.75","0.9664371772805508","0.8705035971223022","0.740072202166065","0.8295687885010267","0.8461538461538461","0.8607594936708861","0.6716417910447762","0.8048780487804879","0.9166666666666666","0.7988338192419825","0.9375","0.6136363636363636"
