"split","Overall","atomStructure","eclipses","faultsEarthquakes","foodChainsWebs","lifeCycles","moonPhaseEquinox","partsOfA","partsOfTheEarth","photosynthesisRespiration","rockCycle","rockStrata","solarSystem","typesOf","volcano","waterCNPCycle"
"none","0.6755181347150259","0.875","0.7741935483870968","0.5714285714285714","0.7796901893287436","0.592326139088729","0.5306859205776173","0.6303901437371663","0.6923076923076923","0.6075949367088608","0.582089552238806","0.6097560975609756","0.8888888888888888","0.6297376093294461","0.8125","0.5227272727272727"
