"Task&Skill","tot","prefetch","hit","prefetch_rate","acc"
"Overall","1000","461","618","46.1","61.8"
"scientific reasoning","122","83","92","68.0327868852459","75.40983606557377"
"textbook question answering","158","96","117","60.75949367088608","74.0506329113924"
"numeric commonsense","144","36","47","25.0","32.63888888888889"
"arithmetic reasoning","353","93","191","26.345609065155806","54.107648725212464"
"visual question answering","179","87","84","48.60335195530726","46.927374301675975"
"geometry reasoning","239","165","140","69.0376569037657","58.57740585774059"
"algebraic reasoning","281","192","173","68.32740213523132","61.56583629893239"
"geometry problem solving","208","157","120","75.48076923076923","57.692307692307686"
"math word problem","186","21","110","11.29032258064516","59.13978494623656"
"logical reasoning","37","9","13","24.324324324324326","35.13513513513514"
"figure question answering","269","100","187","37.174721189591075","69.51672862453532"
"statistical reasoning","301","104","234","34.55149501661129","77.74086378737542"
