"split","Overall","atomStructure","eclipses","faultsEarthquakes","foodChainsWebs","lifeCycles","moonPhaseEquinox","partsOfA","partsOfTheEarth","photosynthesisRespiration","rockCycle","rockStrata","solarSystem","typesOf","volcano","waterCNPCycle"
"none","0.6298575129533679","0.75","0.6451612903225806","0.6071428571428571","0.7039586919104991","0.539568345323741","0.48014440433212996","0.675564681724846","0.6538461538461539","0.5569620253164557","0.5671641791044776","0.5609756097560976","0.8055555555555556","0.5743440233236151","0.6875","0.4772727272727273"
