"split","Overall","atomStructure","eclipses","faultsEarthquakes","foodChainsWebs","lifeCycles","moonPhaseEquinox","partsOfA","partsOfTheEarth","photosynthesisRespiration","rockCycle","rockStrata","solarSystem","typesOf","volcano","waterCNPCycle"
"none","0.7648963730569949","0.625","0.7741935483870968","0.5","0.8941480206540448","0.6690647482014388","0.6173285198555957","0.7392197125256673","0.75","0.8481012658227848","0.5522388059701493","0.7560975609756098","0.8611111111111112","0.6676384839650146","0.625","0.5909090909090909"
