"split","Overall","Accounting","Agriculture","Architecture_and_Engineering","Art","Art_Theory","Basic_Medical_Science","Biology","Chemistry","Clinical_Medicine","Computer_Science","Design","Diagnostics_and_Laboratory_Medicine","Economics","Electronics","Energy_and_Power","Finance","Geography","History","Literature","Manage","Marketing","Materials","Math","Mechanical_Engineering","Music","Pharmacy","Physics","Psychology","Public_Health","Sociology","Art & Design","Business","Health & Medicine","Humanities & Social Science","Science","Tech & Engineering"
"dev","0.4533333333333333","0.4","0.4","0.2","0.6","1.0","0.8","0.4","0.6","0.2","0.6","0.6","0.4","0.4","0.6","0.2","0.0","0.0","0.8","0.6","0.4","0.2","0.8","0.2","0.6","0.2","0.2","0.4","0.8","0.4","0.6","0.6","0.28","0.4","0.7","0.32","0.4857142857142857"
"validation","0.45444444444444443","0.3333333333333333","0.5666666666666667","0.4","0.6","0.7333333333333333","0.5","0.36666666666666664","0.36666666666666664","0.5333333333333333","0.4","0.7333333333333333","0.43333333333333335","0.36666666666666664","0.4","0.36666666666666664","0.36666666666666664","0.4666666666666667","0.5666666666666667","0.8","0.36666666666666664","0.5333333333333333","0.26666666666666666","0.26666666666666666","0.3333333333333333","0.26666666666666666","0.5","0.26666666666666666","0.5333333333333333","0.43333333333333335","0.5666666666666667","0.5833333333333334","0.3933333333333333","0.48","0.6166666666666667","0.3466666666666667","0.3904761904761905"
