"Task&Skill","tot","prefetch","hit","prefetch_rate","acc"
"Overall","1000","687","587","68.7","58.699999999999996"
"scientific reasoning","122","96","73","78.68852459016394","59.83606557377049"
"textbook question answering","158","116","84","73.41772151898735","53.16455696202531"
"numeric commonsense","144","71","63","49.30555555555556","43.75"
"arithmetic reasoning","353","187","213","52.97450424929179","60.3399433427762"
"visual question answering","179","105","88","58.659217877094974","49.162011173184354"
"geometry reasoning","239","224","115","93.72384937238493","48.11715481171548"
"algebraic reasoning","281","250","123","88.96797153024912","43.77224199288256"
"geometry problem solving","208","205","96","98.5576923076923","46.15384615384615"
"math word problem","186","114","147","61.29032258064516","79.03225806451613"
"logical reasoning","37","25","5","67.56756756756756","13.513513513513514"
"figure question answering","269","147","172","54.646840148698885","63.94052044609665"
"statistical reasoning","301","137","219","45.51495016611295","72.75747508305648"
