"split","Overall","atomStructure","eclipses","faultsEarthquakes","foodChainsWebs","lifeCycles","moonPhaseEquinox","partsOfA","partsOfTheEarth","photosynthesisRespiration","rockCycle","rockStrata","solarSystem","typesOf","volcano","waterCNPCycle"
"none","0.7114637305699482","0.625","0.8709677419354839","0.6071428571428571","0.8209982788296041","0.6546762589928058","0.5703971119133574","0.6899383983572895","0.7692307692307693","0.7088607594936709","0.6119402985074627","0.6341463414634146","0.75","0.5889212827988338","0.875","0.4772727272727273"
