"Task&Skill","tot","prefetch","hit","prefetch_rate","acc"
"Overall","1000","677","503","67.7","50.3"
"scientific reasoning","122","94","57","77.04918032786885","46.72131147540984"
"textbook question answering","158","108","69","68.35443037974683","43.67088607594937"
"numeric commonsense","144","48","55","33.33333333333333","38.19444444444444"
"arithmetic reasoning","353","187","186","52.97450424929179","52.69121813031161"
"visual question answering","179","101","77","56.424581005586596","43.01675977653631"
"geometry reasoning","239","212","113","88.70292887029288","47.28033472803347"
"algebraic reasoning","281","239","120","85.05338078291815","42.704626334519574"
"geometry problem solving","208","202","99","97.11538461538461","47.59615384615385"
"math word problem","186","98","128","52.68817204301075","68.81720430107528"
"logical reasoning","37","25","6","67.56756756756756","16.216216216216218"
"figure question answering","269","168","130","62.45353159851301","48.3271375464684"
"statistical reasoning","301","192","170","63.78737541528239","56.47840531561462"
