"split","Overall","atomStructure","eclipses","faultsEarthquakes","foodChainsWebs","lifeCycles","moonPhaseEquinox","partsOfA","partsOfTheEarth","photosynthesisRespiration","rockCycle","rockStrata","solarSystem","typesOf","volcano","waterCNPCycle"
"none","0.8678756476683938","0.75","1.0","0.75","0.9561101549053356","0.8776978417266187","0.6967509025270758","0.8295687885010267","0.7884615384615384","0.8481012658227848","0.7164179104477612","0.8536585365853658","0.9722222222222222","0.8075801749271136","0.9375","0.6818181818181818"
