"Task&Skill","tot","prefetch","hit","prefetch_rate","acc"
"Overall","1000","550","741","55.00000000000001","74.1"
"scientific reasoning","122","94","81","77.04918032786885","66.39344262295081"
"textbook question answering","158","107","114","67.72151898734177","72.15189873417721"
"numeric commonsense","144","39","80","27.083333333333332","55.55555555555556"
"arithmetic reasoning","353","99","238","28.04532577903683","67.42209631728045"
"visual question answering","179","92","109","51.39664804469274","60.893854748603346"
"geometry reasoning","239","212","187","88.70292887029288","78.24267782426779"
"algebraic reasoning","281","239","219","85.05338078291815","77.93594306049823"
"geometry problem solving","208","203","168","97.59615384615384","80.76923076923077"
"math word problem","186","22","158","11.827956989247312","84.94623655913979"
"logical reasoning","37","24","11","64.86486486486487","29.72972972972973"
"figure question answering","269","126","192","46.84014869888476","71.37546468401487"
"statistical reasoning","301","116","237","38.53820598006645","78.7375415282392"
