"Task&Skill","tot","prefetch","hit","prefetch_rate","acc"
"Overall","1000","484","254","48.4","25.4"
"scientific reasoning","122","72","42","59.01639344262295","34.42622950819672"
"textbook question answering","158","82","53","51.89873417721519","33.54430379746836"
"numeric commonsense","144","29","22","20.13888888888889","15.277777777777779"
"arithmetic reasoning","353","93","82","26.345609065155806","23.229461756373937"
"visual question answering","179","90","55","50.27932960893855","30.726256983240223"
"geometry reasoning","239","208","51","87.02928870292888","21.338912133891213"
"algebraic reasoning","281","228","68","81.13879003558719","24.199288256227756"
"geometry problem solving","208","199","48","95.67307692307693","23.076923076923077"
"math word problem","186","10","29","5.376344086021505","15.591397849462366"
"logical reasoning","37","17","7","45.94594594594595","18.91891891891892"
"figure question answering","269","103","69","38.28996282527881","25.650557620817843"
"statistical reasoning","301","96","69","31.893687707641195","22.92358803986711"
