"split","Overall","atomStructure","eclipses","faultsEarthquakes","foodChainsWebs","lifeCycles","moonPhaseEquinox","partsOfA","partsOfTheEarth","photosynthesisRespiration","rockCycle","rockStrata","solarSystem","typesOf","volcano","waterCNPCycle"
"none","0.42778497409326427","0.375","0.5483870967741935","0.39285714285714285","0.44922547332185886","0.3669064748201439","0.4043321299638989","0.46611909650924027","0.4807692307692308","0.4810126582278481","0.5074626865671642","0.24390243902439024","0.5277777777777778","0.37900874635568516","0.5625","0.25"
