"split","Overall","atomStructure","eclipses","faultsEarthquakes","foodChainsWebs","lifeCycles","moonPhaseEquinox","partsOfA","partsOfTheEarth","photosynthesisRespiration","rockCycle","rockStrata","solarSystem","typesOf","volcano","waterCNPCycle"
"none","0.8082901554404145","0.75","0.8709677419354839","0.5714285714285714","0.9044750430292599","0.7649880095923262","0.6389891696750902","0.7782340862422998","0.75","0.8227848101265823","0.6716417910447762","0.7560975609756098","0.8888888888888888","0.7580174927113703","1.0","0.75"
