"split","Overall","atomStructure","eclipses","faultsEarthquakes","foodChainsWebs","lifeCycles","moonPhaseEquinox","partsOfA","partsOfTheEarth","photosynthesisRespiration","rockCycle","rockStrata","solarSystem","typesOf","volcano","waterCNPCycle"
"none","0.8526554404145078","0.75","0.9354838709677419","0.75","0.9259896729776248","0.8249400479616307","0.7075812274368231","0.8316221765913757","0.7884615384615384","0.8860759493670886","0.7611940298507462","0.7804878048780488","0.9166666666666666","0.8221574344023324","0.9375","0.7272727272727273"
