"Task&Skill","tot","prefetch","hit","prefetch_rate","acc"
"Overall","1000","540","671","54.0","67.10000000000001"
"scientific reasoning","122","94","79","77.04918032786885","64.75409836065575"
"textbook question answering","158","107","100","67.72151898734177","63.29113924050633"
"numeric commonsense","144","39","74","27.083333333333332","51.388888888888886"
"arithmetic reasoning","353","99","217","28.04532577903683","61.47308781869688"
"visual question answering","179","92","97","51.39664804469274","54.18994413407822"
"geometry reasoning","239","212","180","88.70292887029288","75.31380753138075"
"algebraic reasoning","281","239","199","85.05338078291815","70.8185053380783"
"geometry problem solving","208","203","161","97.59615384615384","77.40384615384616"
"math word problem","186","22","145","11.827956989247312","77.95698924731182"
"logical reasoning","37","24","8","64.86486486486487","21.62162162162162"
"figure question answering","269","116","168","43.12267657992565","62.45353159851301"
"statistical reasoning","301","106","217","35.21594684385382","72.09302325581395"
