"Task&Skill","tot","prefetch","hit","prefetch_rate","acc"
"Overall","1000","167","703","16.7","70.3"
"scientific reasoning","122","29","81","23.770491803278688","66.39344262295081"
"textbook question answering","158","31","108","19.62025316455696","68.35443037974683"
"numeric commonsense","144","6","51","4.166666666666666","35.41666666666667"
"arithmetic reasoning","353","31","226","8.78186968838527","64.02266288951841"
"visual question answering","179","29","96","16.201117318435752","53.63128491620112"
"geometry reasoning","239","43","177","17.99163179916318","74.05857740585773"
"algebraic reasoning","281","55","212","19.572953736654807","75.44483985765125"
"geometry problem solving","208","42","159","20.192307692307693","76.4423076923077"
"math word problem","186","3","131","1.6129032258064515","70.43010752688173"
"logical reasoning","37","3","13","8.108108108108109","35.13513513513514"
"figure question answering","269","62","209","23.04832713754647","77.69516728624535"
"statistical reasoning","301","61","261","20.26578073089701","86.71096345514951"
