"split","Overall","atomStructure","eclipses","faultsEarthquakes","foodChainsWebs","lifeCycles","moonPhaseEquinox","partsOfA","partsOfTheEarth","photosynthesisRespiration","rockCycle","rockStrata","solarSystem","typesOf","volcano","waterCNPCycle"
"none","0.6852331606217616","0.5","0.8387096774193549","0.5714285714285714","0.8141135972461274","0.5899280575539568","0.5234657039711191","0.675564681724846","0.6730769230769231","0.620253164556962","0.5223880597014925","0.5609756097560976","0.6388888888888888","0.5918367346938775","0.75","0.5454545454545454"
