"split","Overall","atomStructure","eclipses","faultsEarthquakes","foodChainsWebs","lifeCycles","moonPhaseEquinox","partsOfA","partsOfTheEarth","photosynthesisRespiration","rockCycle","rockStrata","solarSystem","typesOf","volcano","waterCNPCycle"
"none","0.868199481865285","0.625","0.967741935483871","0.8571428571428571","0.9397590361445783","0.8537170263788969","0.7689530685920578","0.8275154004106776","0.8269230769230769","0.8734177215189873","0.746268656716418","0.7804878048780488","0.9722222222222222","0.8192419825072886","0.875","0.7727272727272727"
