"Task&Skill","tot","prefetch","hit","prefetch_rate","acc"
"Overall","1000","576","307","57.599999999999994","30.7"
"scientific reasoning","122","94","45","77.04918032786885","36.885245901639344"
"textbook question answering","158","106","57","67.08860759493672","36.075949367088604"
"numeric commonsense","144","67","47","46.52777777777778","32.63888888888889"
"arithmetic reasoning","353","149","106","42.20963172804532","30.02832861189802"
"visual question answering","179","101","57","56.424581005586596","31.843575418994412"
"geometry reasoning","239","183","61","76.56903765690377","25.523012552301257"
"algebraic reasoning","281","201","69","71.53024911032028","24.555160142348754"
"geometry problem solving","208","166","48","79.8076923076923","23.076923076923077"
"math word problem","186","83","76","44.623655913978496","40.86021505376344"
"logical reasoning","37","25","9","67.56756756756756","24.324324324324326"
"figure question answering","269","120","69","44.60966542750929","25.650557620817843"
"statistical reasoning","301","110","78","36.544850498338874","25.91362126245847"
