"split","Overall","atomStructure","eclipses","faultsEarthquakes","foodChainsWebs","lifeCycles","moonPhaseEquinox","partsOfA","partsOfTheEarth","photosynthesisRespiration","rockCycle","rockStrata","solarSystem","typesOf","volcano","waterCNPCycle"
"none","0.5152202072538861","0.375","0.6129032258064516","0.6428571428571429","0.4991394148020654","0.5347721822541966","0.4548736462093863","0.5441478439425051","0.5384615384615384","0.5443037974683544","0.47761194029850745","0.5853658536585366","0.4722222222222222","0.5160349854227405","0.75","0.5454545454545454"
