"split","Overall","atomStructure","eclipses","faultsEarthquakes","foodChainsWebs","lifeCycles","moonPhaseEquinox","partsOfA","partsOfTheEarth","photosynthesisRespiration","rockCycle","rockStrata","solarSystem","typesOf","volcano","waterCNPCycle"
"none","0.8656088082901554","0.875","0.9032258064516129","0.7142857142857143","0.9569707401032702","0.8369304556354916","0.7220216606498195","0.8459958932238193","0.7692307692307693","0.8481012658227848","0.7313432835820896","0.8780487804878049","0.8888888888888888","0.793002915451895","0.9375","0.7727272727272727"
