"split","Overall","Accounting","Agriculture","Architecture_and_Engineering","Art","Art_Theory","Basic_Medical_Science","Biology","Chemistry","Clinical_Medicine","Computer_Science","Design","Diagnostics_and_Laboratory_Medicine","Economics","Electronics","Energy_and_Power","Finance","Geography","History","Literature","Manage","Marketing","Materials","Math","Mechanical_Engineering","Music","Pharmacy","Physics","Psychology","Public_Health","Sociology","Art & Design","Business","Health & Medicine","Humanities & Social Science","Science","Tech & Engineering"
"dev","0.5266666666666666","0.2","0.2","0.0","1.0","0.8","1.0","0.2","0.4","0.2","0.6","0.8","0.6","0.6","0.2","0.6","0.2","0.0","1.0","0.8","0.4","0.2","0.6","0.8","0.6","0.8","0.8","0.4","1.0","0.0","0.8","0.85","0.32","0.52","0.9","0.36","0.4"
"validation","0.6088888888888889","0.4","0.6666666666666666","0.4","0.8","0.8666666666666667","0.6666666666666666","0.5666666666666667","0.4666666666666667","0.7666666666666667","0.5666666666666667","0.8666666666666667","0.5666666666666667","0.5666666666666667","0.8","0.6666666666666666","0.4666666666666667","0.5666666666666667","0.8","0.8666666666666667","0.5666666666666667","0.6666666666666666","0.5333333333333333","0.4","0.26666666666666666","0.4666666666666667","0.6666666666666666","0.43333333333333335","0.7","0.5333333333333333","0.7","0.75","0.5333333333333333","0.64","0.7666666666666667","0.4866666666666667","0.5571428571428572"
