"Task&Skill","tot","prefetch","hit","prefetch_rate","acc"
"Overall","1000","416","694","41.6","69.39999999999999"
"scientific reasoning","122","66","86","54.09836065573771","70.49180327868852"
"textbook question answering","158","76","110","48.10126582278481","69.62025316455697"
"numeric commonsense","144","32","77","22.22222222222222","53.47222222222222"
"arithmetic reasoning","353","94","236","26.628895184135974","66.85552407932012"
"visual question answering","179","88","103","49.162011173184354","57.54189944134078"
"geometry reasoning","239","146","156","61.08786610878661","65.27196652719665"
"algebraic reasoning","281","171","183","60.854092526690394","65.12455516014235"
"geometry problem solving","208","139","136","66.82692307692307","65.38461538461539"
"math word problem","186","17","151","9.13978494623656","81.18279569892472"
"logical reasoning","37","5","10","13.513513513513514","27.027027027027028"
"figure question answering","269","96","194","35.687732342007436","72.11895910780669"
"statistical reasoning","301","103","247","34.21926910299003","82.05980066445183"
