"split","Overall","atomStructure","eclipses","faultsEarthquakes","foodChainsWebs","lifeCycles","moonPhaseEquinox","partsOfA","partsOfTheEarth","photosynthesisRespiration","rockCycle","rockStrata","solarSystem","typesOf","volcano","waterCNPCycle"
"none","0.8753238341968912","0.75","0.9354838709677419","0.6428571428571429","0.9810671256454389","0.8561151079136691","0.6967509025270758","0.8336755646817249","0.8076923076923077","0.8734177215189873","0.7611940298507462","0.8536585365853658","0.8611111111111112","0.8104956268221575","0.9375","0.75"
