"Task&Skill","tot","prefetch","hit","prefetch_rate","acc"
"Overall","1000","581","304","58.099999999999994","30.4"
"scientific reasoning","122","94","47","77.04918032786885","38.52459016393443"
"textbook question answering","158","107","66","67.72151898734177","41.77215189873418"
"numeric commonsense","144","44","43","30.555555555555557","29.86111111111111"
"arithmetic reasoning","353","107","92","30.31161473087819","26.062322946175637"
"visual question answering","179","97","56","54.18994413407822","31.28491620111732"
"geometry reasoning","239","212","48","88.70292887029288","20.0836820083682"
"algebraic reasoning","281","239","60","85.05338078291815","21.352313167259787"
"geometry problem solving","208","203","35","97.59615384615384","16.826923076923077"
"math word problem","186","24","52","12.903225806451612","27.956989247311824"
"logical reasoning","37","24","6","64.86486486486487","16.216216216216218"
"figure question answering","269","150","95","55.762081784386616","35.31598513011153"
"statistical reasoning","301","142","99","47.176079734219265","32.89036544850498"
