"split","Overall","atomStructure","eclipses","faultsEarthquakes","foodChainsWebs","lifeCycles","moonPhaseEquinox","partsOfA","partsOfTheEarth","photosynthesisRespiration","rockCycle","rockStrata","solarSystem","typesOf","volcano","waterCNPCycle"
"none","0.5660621761658031","0.625","0.5483870967741935","0.5357142857142857","0.6222030981067126","0.44844124700239807","0.47653429602888087","0.6529774127310062","0.5769230769230769","0.4936708860759494","0.47761194029850745","0.5121951219512195","0.7222222222222222","0.5043731778425656","0.6875","0.4318181818181818"
