"split","Overall","atomStructure","eclipses","faultsEarthquakes","foodChainsWebs","lifeCycles","moonPhaseEquinox","partsOfA","partsOfTheEarth","photosynthesisRespiration","rockCycle","rockStrata","solarSystem","typesOf","volcano","waterCNPCycle"
"none","0.5019430051813472","0.5","0.5483870967741935","0.42857142857142855","0.653184165232358","0.34532374100719426","0.34657039711191334","0.5318275154004107","0.4807692307692308","0.34177215189873417","0.3283582089552239","0.36585365853658536","0.6944444444444444","0.3673469387755102","0.375","0.29545454545454547"
