"Task&Skill","tot","prefetch","hit","prefetch_rate","acc"
"Overall","1000","437","747","43.7","74.7"
"scientific reasoning","122","69","84","56.557377049180324","68.85245901639344"
"textbook question answering","158","83","116","52.53164556962025","73.41772151898735"
"numeric commonsense","144","33","91","22.916666666666664","63.19444444444444"
"arithmetic reasoning","353","91","257","25.77903682719547","72.80453257790369"
"visual question answering","179","85","116","47.486033519553075","64.80446927374301"
"geometry reasoning","239","157","170","65.69037656903765","71.1297071129707"
"algebraic reasoning","281","187","204","66.54804270462633","72.59786476868328"
"geometry problem solving","208","151","150","72.59615384615384","72.11538461538461"
"math word problem","186","21","162","11.29032258064516","87.09677419354838"
"logical reasoning","37","7","11","18.91891891891892","29.72972972972973"
"figure question answering","269","97","203","36.059479553903344","75.46468401486989"
"statistical reasoning","301","102","252","33.88704318936877","83.72093023255815"
