"split","Overall","atomStructure","eclipses","faultsEarthquakes","foodChainsWebs","lifeCycles","moonPhaseEquinox","partsOfA","partsOfTheEarth","photosynthesisRespiration","rockCycle","rockStrata","solarSystem","typesOf","volcano","waterCNPCycle"
"none","0.7428756476683938","0.625","0.7741935483870968","0.6785714285714286","0.8648881239242685","0.6618705035971223","0.5415162454873647","0.7186858316221766","0.6923076923076923","0.569620253164557","0.6268656716417911","0.6829268292682927","0.7777777777777778","0.7259475218658892","0.75","0.5681818181818182"
