"Task&Skill","tot","prefetch","hit","prefetch_rate","acc"
"Overall","1000","470","552","47.0","55.2"
"scientific reasoning","122","87","82","71.31147540983606","67.21311475409836"
"textbook question answering","158","98","106","62.0253164556962","67.08860759493672"
"numeric commonsense","144","39","56","27.083333333333332","38.88888888888889"
"arithmetic reasoning","353","99","192","28.04532577903683","54.39093484419264"
"visual question answering","179","92","88","51.39664804469274","49.162011173184354"
"geometry reasoning","239","162","137","67.78242677824268","57.32217573221757"
"algebraic reasoning","281","188","164","66.90391459074732","58.362989323843415"
"geometry problem solving","208","154","121","74.03846153846155","58.17307692307693"
"math word problem","186","22","110","11.827956989247312","59.13978494623656"
"logical reasoning","37","12","15","32.432432432432435","40.54054054054054"
"figure question answering","269","104","127","38.66171003717472","47.21189591078067"
"statistical reasoning","301","104","174","34.55149501661129","57.80730897009967"
