"Task&Skill","tot","prefetch","hit","prefetch_rate","acc"
"Overall","1000","616","379","61.6","37.9"
"scientific reasoning","122","94","63","77.04918032786885","51.63934426229508"
"textbook question answering","158","113","88","71.51898734177216","55.69620253164557"
"numeric commonsense","144","53","46","36.80555555555556","31.944444444444443"
"arithmetic reasoning","353","156","134","44.19263456090651","37.960339943342774"
"visual question answering","179","106","85","59.217877094972074","47.486033519553075"
"geometry reasoning","239","221","102","92.46861924686193","42.67782426778243"
"algebraic reasoning","281","246","119","87.54448398576513","42.34875444839858"
"geometry problem solving","208","204","88","98.07692307692307","42.30769230769231"
"math word problem","186","65","54","34.946236559139784","29.03225806451613"
"logical reasoning","37","25","4","67.56756756756756","10.81081081081081"
"figure question answering","269","128","64","47.58364312267658","23.79182156133829"
"statistical reasoning","301","135","92","44.85049833887043","30.564784053156146"
