"split","Overall","atomStructure","eclipses","faultsEarthquakes","foodChainsWebs","lifeCycles","moonPhaseEquinox","partsOfA","partsOfTheEarth","photosynthesisRespiration","rockCycle","rockStrata","solarSystem","typesOf","volcano","waterCNPCycle"
"none","0.7189119170984456","0.625","0.8387096774193549","0.6785714285714286","0.846815834767642","0.5899280575539568","0.5342960288808665","0.7125256673511293","0.6346153846153846","0.6582278481012658","0.6268656716417911","0.6341463414634146","0.8611111111111112","0.6618075801749271","0.6875","0.5227272727272727"
