"split","Overall","atomStructure","eclipses","faultsEarthquakes","foodChainsWebs","lifeCycles","moonPhaseEquinox","partsOfA","partsOfTheEarth","photosynthesisRespiration","rockCycle","rockStrata","solarSystem","typesOf","volcano","waterCNPCycle"
"none","0.9077072538860104","1.0","0.9354838709677419","0.7142857142857143","0.9888123924268503","0.9040767386091128","0.779783393501805","0.8501026694045175","0.8653846153846154","0.8734177215189873","0.7761194029850746","0.926829268292683","1.0","0.8746355685131195","1.0","0.7727272727272727"
