"split","Overall","atomStructure","eclipses","faultsEarthquakes","foodChainsWebs","lifeCycles","moonPhaseEquinox","partsOfA","partsOfTheEarth","photosynthesisRespiration","rockCycle","rockStrata","solarSystem","typesOf","volcano","waterCNPCycle"
"none","0.7561528497409327","0.75","0.8387096774193549","0.7142857142857143","0.8416523235800344","0.7026378896882494","0.6101083032490975","0.7638603696098563","0.7692307692307693","0.6835443037974683","0.6268656716417911","0.6097560975609756","0.8611111111111112","0.6938775510204082","0.875","0.6136363636363636"
