"Task&Skill","tot","prefetch","hit","prefetch_rate","acc"
"Overall","1000","539","704","53.900000000000006","70.39999999999999"
"scientific reasoning","122","85","89","69.67213114754098","72.95081967213115"
"textbook question answering","158","99","123","62.65822784810127","77.84810126582279"
"numeric commonsense","144","48","72","33.33333333333333","50.0"
"arithmetic reasoning","353","119","216","33.711048158640224","61.18980169971672"
"visual question answering","179","98","106","54.7486033519553","59.217877094972074"
"geometry reasoning","239","158","195","66.10878661087865","81.58995815899581"
"algebraic reasoning","281","189","234","67.25978647686833","83.27402135231317"
"geometry problem solving","208","149","176","71.63461538461539","84.61538461538461"
"math word problem","186","39","112","20.967741935483872","60.215053763440864"
"logical reasoning","37","19","12","51.35135135135135","32.432432432432435"
"figure question answering","269","154","187","57.249070631970255","69.51672862453532"
"statistical reasoning","301","155","241","51.49501661129568","80.06644518272425"
