"split","Overall","atomStructure","eclipses","faultsEarthquakes","foodChainsWebs","lifeCycles","moonPhaseEquinox","partsOfA","partsOfTheEarth","photosynthesisRespiration","rockCycle","rockStrata","solarSystem","typesOf","volcano","waterCNPCycle"
"none","0.8050518134715026","0.75","0.8387096774193549","0.6785714285714286","0.9104991394148021","0.7458033573141487","0.6498194945848376","0.7967145790554415","0.7115384615384616","0.6962025316455697","0.6716417910447762","0.7804878048780488","0.9444444444444444","0.7346938775510204","1.0","0.6136363636363636"
