"split","Overall","atomStructure","eclipses","faultsEarthquakes","foodChainsWebs","lifeCycles","moonPhaseEquinox","partsOfA","partsOfTheEarth","photosynthesisRespiration","rockCycle","rockStrata","solarSystem","typesOf","volcano","waterCNPCycle"
"none","0.6408678756476683","0.625","0.8064516129032258","0.6428571428571429","0.7142857142857143","0.513189448441247","0.5306859205776173","0.675564681724846","0.6346153846153846","0.6329113924050633","0.5671641791044776","0.6585365853658537","0.7222222222222222","0.6034985422740525","0.625","0.45454545454545453"
