"split","Overall","Accounting","Agriculture","Architecture_and_Engineering","Art","Art_Theory","Basic_Medical_Science","Biology","Chemistry","Clinical_Medicine","Computer_Science","Design","Diagnostics_and_Laboratory_Medicine","Economics","Electronics","Energy_and_Power","Finance","Geography","History","Literature","Manage","Marketing","Materials","Math","Mechanical_Engineering","Music","Pharmacy","Physics","Psychology","Public_Health","Sociology","Art & Design","Business","Health & Medicine","Humanities & Social Science","Science","Tech & Engineering"
"validation","0.41444444444444445","0.43333333333333335","0.4","0.36666666666666664","0.5666666666666667","0.5666666666666667","0.5333333333333333","0.23333333333333334","0.3333333333333333","0.5333333333333333","0.36666666666666664","0.7333333333333333","0.36666666666666664","0.4","0.43333333333333335","0.26666666666666666","0.26666666666666666","0.43333333333333335","0.6","0.8333333333333334","0.4","0.3333333333333333","0.2","0.36666666666666664","0.36666666666666664","0.26666666666666666","0.3333333333333333","0.2","0.43333333333333335","0.26666666666666666","0.6","0.5333333333333333","0.36666666666666664","0.4066666666666667","0.6166666666666667","0.31333333333333335","0.34285714285714286"
"dev","0.4066666666666667","0.2","0.2","0.2","0.6","0.4","0.8","0.4","0.4","0.2","0.4","0.8","0.6","0.4","0.4","0.6","0.0","0.0","1.0","0.8","0.4","0.2","0.4","0.2","0.2","0.2","0.2","0.0","0.8","0.4","0.8","0.5","0.24","0.44","0.85","0.2","0.34285714285714286"
