"split","Overall","atomStructure","eclipses","faultsEarthquakes","foodChainsWebs","lifeCycles","moonPhaseEquinox","partsOfA","partsOfTheEarth","photosynthesisRespiration","rockCycle","rockStrata","solarSystem","typesOf","volcano","waterCNPCycle"
"none","0.8257772020725389","0.625","0.9032258064516129","0.7142857142857143","0.9096385542168675","0.8009592326139089","0.6389891696750902","0.8172484599589322","0.8269230769230769","0.8481012658227848","0.6417910447761194","0.7560975609756098","0.8611111111111112","0.7842565597667639","0.9375","0.7272727272727273"
