"Task&Skill","tot","prefetch","hit","prefetch_rate","acc"
"Overall","1000","543","639","54.300000000000004","63.9"
"scientific reasoning","122","94","74","77.04918032786885","60.65573770491803"
"textbook question answering","158","107","102","67.72151898734177","64.55696202531645"
"numeric commonsense","144","39","65","27.083333333333332","45.13888888888889"
"arithmetic reasoning","353","99","214","28.04532577903683","60.62322946175638"
"visual question answering","179","92","89","51.39664804469274","49.72067039106145"
"geometry reasoning","239","212","152","88.70292887029288","63.59832635983263"
"algebraic reasoning","281","239","179","85.05338078291815","63.70106761565836"
"geometry problem solving","208","203","134","97.59615384615384","64.42307692307693"
"math word problem","186","22","147","11.827956989247312","79.03225806451613"
"logical reasoning","37","24","8","64.86486486486487","21.62162162162162"
"figure question answering","269","119","167","44.237918215613384","62.0817843866171"
"statistical reasoning","301","109","213","36.21262458471761","70.7641196013289"
