"Task&Skill","tot","prefetch","hit","prefetch_rate","acc"
"Overall","1000","541","327","54.1","32.7"
"scientific reasoning","122","94","43","77.04918032786885","35.24590163934426"
"textbook question answering","158","107","48","67.72151898734177","30.37974683544304"
"numeric commonsense","144","39","27","27.083333333333332","18.75"
"arithmetic reasoning","353","99","107","28.04532577903683","30.31161473087819"
"visual question answering","179","92","60","51.39664804469274","33.5195530726257"
"geometry reasoning","239","212","88","88.70292887029288","36.82008368200837"
"algebraic reasoning","281","239","89","85.05338078291815","31.672597864768683"
"geometry problem solving","208","203","77","97.59615384615384","37.019230769230774"
"math word problem","186","22","59","11.827956989247312","31.72043010752688"
"logical reasoning","37","24","4","64.86486486486487","10.81081081081081"
"figure question answering","269","117","83","43.49442379182156","30.855018587360593"
"statistical reasoning","301","107","97","35.548172757475086","32.22591362126246"
