"split","Overall","atomStructure","eclipses","faultsEarthquakes","foodChainsWebs","lifeCycles","moonPhaseEquinox","partsOfA","partsOfTheEarth","photosynthesisRespiration","rockCycle","rockStrata","solarSystem","typesOf","volcano","waterCNPCycle"
"none","0.5327072538860104","0.5","0.6451612903225806","0.6428571428571429","0.5920826161790017","0.4748201438848921","0.4259927797833935","0.5708418891170431","0.4230769230769231","0.4936708860759494","0.6119402985074627","0.43902439024390244","0.4722222222222222","0.4518950437317784","0.625","0.4318181818181818"
