"split","Overall","atomStructure","eclipses","faultsEarthquakes","foodChainsWebs","lifeCycles","moonPhaseEquinox","partsOfA","partsOfTheEarth","photosynthesisRespiration","rockCycle","rockStrata","solarSystem","typesOf","volcano","waterCNPCycle"
"none","0.6978626943005182","0.875","0.8064516129032258","0.5","0.8141135972461274","0.6546762589928058","0.5631768953068592","0.6036960985626283","0.5576923076923077","0.6455696202531646","0.5373134328358209","0.6585365853658537","0.6666666666666666","0.6909620991253644","0.75","0.5454545454545454"
