"Task&Skill","tot","prefetch","hit","prefetch_rate","acc"
"Overall","1000","540","591","54.0","59.099999999999994"
"scientific reasoning","122","94","71","77.04918032786885","58.19672131147541"
"textbook question answering","158","107","80","67.72151898734177","50.63291139240506"
"numeric commonsense","144","39","53","27.083333333333332","36.80555555555556"
"arithmetic reasoning","353","99","195","28.04532577903683","55.240793201133144"
"visual question answering","179","92","85","51.39664804469274","47.486033519553075"
"geometry reasoning","239","212","158","88.70292887029288","66.10878661087865"
"algebraic reasoning","281","239","169","85.05338078291815","60.14234875444839"
"geometry problem solving","208","203","143","97.59615384615384","68.75"
"math word problem","186","22","126","11.827956989247312","67.74193548387096"
"logical reasoning","37","24","5","64.86486486486487","13.513513513513514"
"figure question answering","269","116","157","43.12267657992565","58.36431226765799"
"statistical reasoning","301","106","197","35.21594684385382","65.4485049833887"
