"split","Overall","Accounting","Agriculture","Architecture_and_Engineering","Art","Art_Theory","Basic_Medical_Science","Biology","Chemistry","Clinical_Medicine","Computer_Science","Design","Diagnostics_and_Laboratory_Medicine","Economics","Electronics","Energy_and_Power","Finance","Geography","History","Literature","Manage","Marketing","Materials","Math","Mechanical_Engineering","Music","Pharmacy","Physics","Psychology","Public_Health","Sociology","Art & Design","Business","Health & Medicine","Humanities & Social Science","Science","Tech & Engineering"
"validation","0.4488888888888889","0.43333333333333335","0.4666666666666667","0.3333333333333333","0.5333333333333333","0.6333333333333333","0.5","0.5","0.23333333333333334","0.4","0.4666666666666667","0.6666666666666666","0.4","0.36666666666666664","0.5666666666666667","0.36666666666666664","0.23333333333333334","0.3","0.6","0.7666666666666667","0.4666666666666667","0.5666666666666667","0.4666666666666667","0.4666666666666667","0.2","0.16666666666666666","0.4","0.4666666666666667","0.3333333333333333","0.5","0.6666666666666666","0.5","0.41333333333333333","0.44","0.5916666666666667","0.3933333333333333","0.4095238095238095"
"dev","0.47333333333333333","0.4","0.2","0.4","0.6","0.8","0.6","0.6","0.4","0.0","0.6","0.4","0.4","0.4","0.2","0.4","0.6","0.0","0.6","0.8","0.6","0.8","0.4","0.4","0.4","0.2","0.6","0.4","1.0","0.2","0.8","0.5","0.56","0.36","0.8","0.36","0.37142857142857144"
