"split","Overall","atomStructure","eclipses","faultsEarthquakes","foodChainsWebs","lifeCycles","moonPhaseEquinox","partsOfA","partsOfTheEarth","photosynthesisRespiration","rockCycle","rockStrata","solarSystem","typesOf","volcano","waterCNPCycle"
"none","0.7512953367875648","0.75","0.9354838709677419","0.5714285714285714","0.8321858864027539","0.7074340527577938","0.5884476534296029","0.7597535934291582","0.7307692307692307","0.7721518987341772","0.6119402985074627","0.7560975609756098","0.8333333333333334","0.6822157434402333","0.875","0.5681818181818182"
