"Task&Skill","tot","prefetch","hit","prefetch_rate","acc"
"Overall","1000","451","578","45.1","57.8"
"scientific reasoning","122","83","78","68.0327868852459","63.934426229508205"
"textbook question answering","158","96","104","60.75949367088608","65.82278481012658"
"numeric commonsense","144","38","55","26.38888888888889","38.19444444444444"
"arithmetic reasoning","353","97","183","27.47875354107649","51.84135977337111"
"visual question answering","179","91","73","50.83798882681564","40.78212290502793"
"geometry reasoning","239","146","132","61.08786610878661","55.23012552301255"
"algebraic reasoning","281","173","154","61.56583629893239","54.804270462633454"
"geometry problem solving","208","137","113","65.86538461538461","54.32692307692307"
"math word problem","186","21","130","11.29032258064516","69.89247311827957"
"logical reasoning","37","14","12","37.83783783783784","32.432432432432435"
"figure question answering","269","106","158","39.405204460966544","58.7360594795539"
"statistical reasoning","301","105","205","34.883720930232556","68.10631229235881"
