"split","Overall","atomStructure","eclipses","faultsEarthquakes","foodChainsWebs","lifeCycles","moonPhaseEquinox","partsOfA","partsOfTheEarth","photosynthesisRespiration","rockCycle","rockStrata","solarSystem","typesOf","volcano","waterCNPCycle"
"none","0.7428756476683938","0.75","0.7096774193548387","0.6428571428571429","0.9018932874354562","0.580335731414868","0.5379061371841155","0.7392197125256673","0.75","0.6835443037974683","0.6119402985074627","0.6341463414634146","0.7777777777777778","0.6443148688046647","0.875","0.5909090909090909"
