"split","Overall","atomStructure","eclipses","faultsEarthquakes","foodChainsWebs","lifeCycles","moonPhaseEquinox","partsOfA","partsOfTheEarth","photosynthesisRespiration","rockCycle","rockStrata","solarSystem","typesOf","volcano","waterCNPCycle"
"none","0.8584844559585493","0.75","0.967741935483871","0.75","0.9526678141135972","0.8009592326139089","0.7581227436823105","0.811088295687885","0.7884615384615384","0.7848101265822784","0.7761194029850746","0.8780487804878049","0.9722222222222222","0.8104956268221575","1.0","0.6363636363636364"
