"split","Overall","atomStructure","eclipses","faultsEarthquakes","foodChainsWebs","lifeCycles","moonPhaseEquinox","partsOfA","partsOfTheEarth","photosynthesisRespiration","rockCycle","rockStrata","solarSystem","typesOf","volcano","waterCNPCycle"
"none","0.6651554404145078","0.375","0.7096774193548387","0.6785714285714286","0.7771084337349398","0.5203836930455635","0.5126353790613718","0.648870636550308","0.6730769230769231","0.5949367088607594","0.5373134328358209","0.5609756097560976","0.75","0.6647230320699709","0.9375","0.4772727272727273"
