"split","Overall","atomStructure","eclipses","faultsEarthquakes","foodChainsWebs","lifeCycles","moonPhaseEquinox","partsOfA","partsOfTheEarth","photosynthesisRespiration","rockCycle","rockStrata","solarSystem","typesOf","volcano","waterCNPCycle"
"none","0.6259715025906736","0.75","0.7741935483870968","0.6071428571428571","0.7030981067125646","0.5539568345323741","0.51985559566787","0.648870636550308","0.6730769230769231","0.6835443037974683","0.582089552238806","0.5365853658536586","0.7222222222222222","0.5072886297376094","0.625","0.4090909090909091"
