"split","Overall","atomStructure","eclipses","faultsEarthquakes","foodChainsWebs","lifeCycles","moonPhaseEquinox","partsOfA","partsOfTheEarth","photosynthesisRespiration","rockCycle","rockStrata","solarSystem","typesOf","volcano","waterCNPCycle"
"none","0.8137953367875648","0.625","0.8709677419354839","0.7142857142857143","0.9165232358003442","0.7482014388489209","0.6570397111913358","0.7946611909650924","0.8076923076923077","0.7215189873417721","0.6865671641791045","0.7804878048780488","0.9444444444444444","0.7725947521865889","1.0","0.5227272727272727"
