"split","Overall","Accounting","Agriculture","Architecture_and_Engineering","Art","Art_Theory","Basic_Medical_Science","Biology","Chemistry","Clinical_Medicine","Computer_Science","Design","Diagnostics_and_Laboratory_Medicine","Economics","Electronics","Energy_and_Power","Finance","Geography","History","Literature","Manage","Marketing","Materials","Math","Mechanical_Engineering","Music","Pharmacy","Physics","Psychology","Public_Health","Sociology","Art & Design","Business","Health & Medicine","Humanities & Social Science","Science","Tech & Engineering"
"dev","0.6333333333333333","0.8","0.2","0.4","1.0","1.0","0.8","1.0","0.0","0.8","0.8","0.8","0.0","0.6","0.6","0.4","1.0","0.0","1.0","0.8","0.8","0.6","0.6","0.4","0.4","0.2","1.0","0.8","0.8","0.6","0.8","0.75","0.76","0.64","0.85","0.44","0.4857142857142857"
"validation","0.6711111111111111","0.6666666666666666","0.6333333333333333","0.5666666666666667","0.8","0.9333333333333333","0.7","0.4666666666666667","0.5333333333333333","0.7","0.7","0.8333333333333334","0.43333333333333335","0.6","0.6666666666666666","0.4666666666666667","0.6666666666666666","0.5666666666666667","0.7666666666666667","0.9","0.7666666666666667","0.8333333333333334","0.43333333333333335","0.6","0.3333333333333333","0.36666666666666664","0.8333333333333334","0.8666666666666667","0.8","0.9333333333333333","0.7666666666666667","0.7333333333333333","0.7066666666666667","0.72","0.8083333333333333","0.6066666666666667","0.5428571428571428"
