"Task&Skill","tot","prefetch","hit","prefetch_rate","acc"
"Overall","1000","655","398","65.5","39.800000000000004"
"scientific reasoning","122","93","59","76.22950819672131","48.36065573770492"
"textbook question answering","158","109","65","68.9873417721519","41.139240506329116"
"numeric commonsense","144","61","51","42.36111111111111","35.41666666666667"
"arithmetic reasoning","353","153","118","43.342776203966004","33.42776203966006"
"visual question answering","179","99","71","55.3072625698324","39.66480446927375"
"geometry reasoning","239","219","76","91.63179916317992","31.799163179916317"
"algebraic reasoning","281","241","81","85.76512455516014","28.825622775800714"
"geometry problem solving","208","202","61","97.11538461538461","29.326923076923077"
"math word problem","186","83","69","44.623655913978496","37.096774193548384"
"logical reasoning","37","24","5","64.86486486486487","13.513513513513514"
"figure question answering","269","162","132","60.223048327137555","49.07063197026022"
"statistical reasoning","301","156","138","51.82724252491694","45.84717607973422"
