"split","Overall","atomStructure","eclipses","faultsEarthquakes","foodChainsWebs","lifeCycles","moonPhaseEquinox","partsOfA","partsOfTheEarth","photosynthesisRespiration","rockCycle","rockStrata","solarSystem","typesOf","volcano","waterCNPCycle"
"none","0.6402202072538861","0.625","0.7741935483870968","0.5714285714285714","0.7125645438898451","0.5323741007194245","0.4981949458483754","0.6899383983572895","0.6538461538461539","0.6329113924050633","0.6119402985074627","0.6097560975609756","0.8333333333333334","0.577259475218659","0.6875","0.4318181818181818"
