"split","Overall","atomStructure","eclipses","faultsEarthquakes","foodChainsWebs","lifeCycles","moonPhaseEquinox","partsOfA","partsOfTheEarth","photosynthesisRespiration","rockCycle","rockStrata","solarSystem","typesOf","volcano","waterCNPCycle"
"none","0.7467616580310881","0.625","0.7419354838709677","0.6071428571428571","0.851118760757315","0.6666666666666666","0.6028880866425993","0.7412731006160165","0.7307692307692307","0.6075949367088608","0.5970149253731343","0.7317073170731707","0.9722222222222222","0.6938775510204082","0.6875","0.5909090909090909"
