"split","Overall","Accounting","Agriculture","Architecture_and_Engineering","Art","Art_Theory","Basic_Medical_Science","Biology","Chemistry","Clinical_Medicine","Computer_Science","Design","Diagnostics_and_Laboratory_Medicine","Economics","Electronics","Energy_and_Power","Finance","Geography","History","Literature","Manage","Marketing","Materials","Math","Mechanical_Engineering","Music","Pharmacy","Physics","Psychology","Public_Health","Sociology","Art & Design","Business","Health & Medicine","Humanities & Social Science","Science","Tech & Engineering"
"dev","0.47333333333333333","0.2","0.4","0.2","1.0","0.8","0.8","0.4","0.2","0.0","0.6","0.6","0.4","0.6","0.4","0.4","0.6","0.0","1.0","0.6","0.4","0.2","0.4","0.6","0.4","0.4","0.4","0.4","0.8","0.4","0.6","0.7","0.4","0.4","0.75","0.32","0.4"
"validation","0.5511111111111111","0.5","0.43333333333333335","0.3333333333333333","0.6666666666666666","0.8","0.6333333333333333","0.5666666666666667","0.5333333333333333","0.7333333333333333","0.5666666666666667","0.7666666666666667","0.43333333333333335","0.4666666666666667","0.5","0.36666666666666664","0.4","0.5333333333333333","0.7333333333333333","0.8666666666666667","0.5333333333333333","0.6666666666666666","0.4","0.5333333333333333","0.36666666666666664","0.2","0.6333333333333333","0.5666666666666667","0.5666666666666667","0.6","0.6333333333333333","0.6083333333333333","0.5133333333333333","0.6066666666666667","0.7","0.5466666666666666","0.4238095238095238"
