"split","Overall","atomStructure","eclipses","faultsEarthquakes","foodChainsWebs","lifeCycles","moonPhaseEquinox","partsOfA","partsOfTheEarth","photosynthesisRespiration","rockCycle","rockStrata","solarSystem","typesOf","volcano","waterCNPCycle"
"none","0.7376943005181347","0.625","0.7741935483870968","0.5714285714285714","0.8433734939759037","0.7026378896882494","0.6028880866425993","0.7207392197125256","0.7307692307692307","0.7341772151898734","0.5373134328358209","0.7073170731707317","0.7777777777777778","0.6209912536443148","0.8125","0.6136363636363636"
