"Task&Skill","tot","prefetch","hit","prefetch_rate","acc"
"Overall","1000","600","340","60.0","34.0"
"scientific reasoning","122","94","63","77.04918032786885","51.63934426229508"
"textbook question answering","158","109","73","68.9873417721519","46.20253164556962"
"numeric commonsense","144","47","36","32.63888888888889","25.0"
"arithmetic reasoning","353","119","105","33.711048158640224","29.745042492917843"
"visual question answering","179","101","69","56.424581005586596","38.547486033519554"
"geometry reasoning","239","215","58","89.9581589958159","24.267782426778243"
"algebraic reasoning","281","241","67","85.76512455516014","23.843416370106763"
"geometry problem solving","208","203","49","97.59615384615384","23.557692307692307"
"math word problem","186","33","41","17.741935483870968","22.043010752688172"
"logical reasoning","37","24","10","64.86486486486487","27.027027027027028"
"figure question answering","269","154","108","57.249070631970255","40.14869888475837"
"statistical reasoning","301","145","114","48.17275747508305","37.87375415282392"
