"split","Overall","atomStructure","eclipses","faultsEarthquakes","foodChainsWebs","lifeCycles","moonPhaseEquinox","partsOfA","partsOfTheEarth","photosynthesisRespiration","rockCycle","rockStrata","solarSystem","typesOf","volcano","waterCNPCycle"
"none","0.5715673575129534","0.25","0.7419354838709677","0.5357142857142857","0.6609294320137694","0.45083932853717024","0.48375451263537905","0.5995893223819302","0.5384615384615384","0.6075949367088608","0.44776119402985076","0.4146341463414634","0.6944444444444444","0.4606413994169096","0.5625","0.6363636363636364"
