"split","Overall","atomStructure","eclipses","faultsEarthquakes","foodChainsWebs","lifeCycles","moonPhaseEquinox","partsOfA","partsOfTheEarth","photosynthesisRespiration","rockCycle","rockStrata","solarSystem","typesOf","volcano","waterCNPCycle"
"none","0.7775259067357513","0.75","0.9032258064516129","0.6071428571428571","0.8907056798623064","0.7553956834532374","0.6101083032490975","0.7371663244353183","0.8076923076923077","0.7848101265822784","0.6417910447761194","0.6585365853658537","0.8333333333333334","0.6588921282798834","0.75","0.6818181818181818"
