"split","Overall","atomStructure","eclipses","faultsEarthquakes","foodChainsWebs","lifeCycles","moonPhaseEquinox","partsOfA","partsOfTheEarth","photosynthesisRespiration","rockCycle","rockStrata","solarSystem","typesOf","volcano","waterCNPCycle"
"none","0.7134067357512953","0.75","0.7419354838709677","0.5357142857142857","0.8080895008605852","0.6498800959232613","0.5451263537906137","0.6817248459958932","0.7307692307692307","0.6708860759493671","0.6417910447761194","0.8048780487804879","0.8611111111111112","0.6763848396501457","0.75","0.5454545454545454"
