"split","Overall","atomStructure","eclipses","faultsEarthquakes","foodChainsWebs","lifeCycles","moonPhaseEquinox","partsOfA","partsOfTheEarth","photosynthesisRespiration","rockCycle","rockStrata","solarSystem","typesOf","volcano","waterCNPCycle"
"none","0.8277202072538861","0.75","0.9354838709677419","0.6428571428571429","0.9242685025817556","0.7817745803357314","0.6750902527075813","0.8049281314168378","0.75","0.8227848101265823","0.6716417910447762","0.8048780487804879","0.8611111111111112","0.7813411078717201","0.875","0.6590909090909091"
