"Task&Skill","tot","prefetch","hit","prefetch_rate","acc"
"Overall","1000","498","509","49.8","50.9"
"scientific reasoning","122","91","65","74.59016393442623","53.278688524590166"
"textbook question answering","158","103","87","65.18987341772153","55.06329113924051"
"numeric commonsense","144","38","46","26.38888888888889","31.944444444444443"
"arithmetic reasoning","353","97","161","27.47875354107649","45.609065155807365"
"visual question answering","179","90","78","50.27932960893855","43.575418994413404"
"geometry reasoning","239","176","153","73.64016736401673","64.01673640167364"
"algebraic reasoning","281","202","167","71.88612099644128","59.430604982206404"
"geometry problem solving","208","167","134","80.28846153846155","64.42307692307693"
"math word problem","186","22","96","11.827956989247312","51.61290322580645"
"logical reasoning","37","24","6","64.86486486486487","16.216216216216218"
"figure question answering","269","116","114","43.12267657992565","42.37918215613383"
"statistical reasoning","301","106","157","35.21594684385382","52.159468438538205"
