"split","Overall","atomStructure","eclipses","faultsEarthquakes","foodChainsWebs","lifeCycles","moonPhaseEquinox","partsOfA","partsOfTheEarth","photosynthesisRespiration","rockCycle","rockStrata","solarSystem","typesOf","volcano","waterCNPCycle"
"none","0.7603626943005182","0.5","0.8387096774193549","0.6428571428571429","0.8889845094664371","0.6810551558752997","0.5415162454873647","0.7248459958932238","0.6923076923076923","0.6835443037974683","0.6268656716417911","0.7804878048780488","0.8611111111111112","0.7201166180758017","0.8125","0.5681818181818182"
