"split","Overall","atomStructure","eclipses","faultsEarthquakes","foodChainsWebs","lifeCycles","moonPhaseEquinox","partsOfA","partsOfTheEarth","photosynthesisRespiration","rockCycle","rockStrata","solarSystem","typesOf","volcano","waterCNPCycle"
"none","0.8756476683937824","1.0","0.9032258064516129","0.8571428571428571","0.9423407917383821","0.8633093525179856","0.7292418772563177","0.839835728952772","0.7692307692307693","0.8987341772151899","0.8059701492537313","0.9024390243902439","0.9722222222222222","0.8483965014577259","1.0","0.7727272727272727"
