"Task&Skill","tot","prefetch","hit","prefetch_rate","acc"
"Overall","1000","677","436","67.7","43.6"
"scientific reasoning","122","95","54","77.8688524590164","44.26229508196721"
"textbook question answering","158","112","63","70.88607594936708","39.87341772151899"
"numeric commonsense","144","63","50","43.75","34.72222222222222"
"arithmetic reasoning","353","163","159","46.1756373937677","45.04249291784703"
"visual question answering","179","97","61","54.18994413407822","34.07821229050279"
"geometry reasoning","239","222","83","92.88702928870293","34.72803347280335"
"algebraic reasoning","281","245","90","87.18861209964413","32.028469750889684"
"geometry problem solving","208","204","69","98.07692307692307","33.17307692307692"
"math word problem","186","97","119","52.1505376344086","63.97849462365591"
"logical reasoning","37","25","4","67.56756756756756","10.81081081081081"
"figure question answering","269","167","124","62.0817843866171","46.09665427509294"
"statistical reasoning","301","155","165","51.49501661129568","54.81727574750831"
