"split","Overall","atomStructure","eclipses","faultsEarthquakes","foodChainsWebs","lifeCycles","moonPhaseEquinox","partsOfA","partsOfTheEarth","photosynthesisRespiration","rockCycle","rockStrata","solarSystem","typesOf","volcano","waterCNPCycle"
"none","0.48672279792746115","0.625","0.6129032258064516","0.4642857142857143","0.5619621342512908","0.3980815347721823","0.4404332129963899","0.486652977412731","0.5","0.3924050632911392","0.4925373134328358","0.36585365853658536","0.5833333333333334","0.40816326530612246","0.5","0.3181818181818182"
