"Task&Skill","tot","prefetch","hit","prefetch_rate","acc"
"Overall","1000","711","595","71.1","59.5"
"scientific reasoning","122","96","69","78.68852459016394","56.557377049180324"
"textbook question answering","158","113","84","71.51898734177216","53.16455696202531"
"numeric commonsense","144","51","65","35.41666666666667","45.13888888888889"
"arithmetic reasoning","353","204","210","57.79036827195468","59.490084985835686"
"visual question answering","179","105","82","58.659217877094974","45.81005586592179"
"geometry reasoning","239","214","142","89.5397489539749","59.41422594142259"
"algebraic reasoning","281","246","154","87.54448398576513","54.804270462633454"
"geometry problem solving","208","204","125","98.07692307692307","60.09615384615385"
"math word problem","186","110","152","59.13978494623656","81.72043010752688"
"logical reasoning","37","25","6","67.56756756756756","16.216216216216218"
"figure question answering","269","179","152","66.54275092936803","56.50557620817844"
"statistical reasoning","301","209","205","69.43521594684385","68.10631229235881"
