"split","Overall","atomStructure","eclipses","faultsEarthquakes","foodChainsWebs","lifeCycles","moonPhaseEquinox","partsOfA","partsOfTheEarth","photosynthesisRespiration","rockCycle","rockStrata","solarSystem","typesOf","volcano","waterCNPCycle"
"none","0.8095854922279793","0.75","0.9354838709677419","0.6071428571428571","0.9104991394148021","0.7889688249400479","0.6823104693140795","0.7659137577002053","0.8076923076923077","0.810126582278481","0.6716417910447762","0.7560975609756098","0.8611111111111112","0.7346938775510204","0.875","0.45454545454545453"
