"split","Overall","atomStructure","eclipses","faultsEarthquakes","foodChainsWebs","lifeCycles","moonPhaseEquinox","partsOfA","partsOfTheEarth","photosynthesisRespiration","rockCycle","rockStrata","solarSystem","typesOf","volcano","waterCNPCycle"
"none","0.5586139896373057","0.5","0.5483870967741935","0.5357142857142857","0.6308089500860585","0.460431654676259","0.4332129963898917","0.6016427104722792","0.3269230769230769","0.569620253164557","0.3880597014925373","0.5121951219512195","0.6111111111111112","0.5276967930029155","0.625","0.6590909090909091"
