"split","aAcc","fAcc","qAcc"
"Overall","62.77602523659306","38.4393063583815","34.72527472527472"
"VS","69.16666666666667","37.06896551724138","46.06741573033708"
"VD","58.88324873096447","39.130434782608695","27.436823104693143"
"VS_table","71.42857142857143","35.714285714285715","44.18604651162791"
"VD_math","52.77777777777778","25.0","29.629629629629626"
"VD_illusion","59.02777777777778","38.70967741935484","20.833333333333336"
"VS_ocr","66.66666666666666","42.30769230769231","33.33333333333333"
"VS_chart","70.0","37.5","56.57894736842105"
"VD_figure","73.75","63.41463414634146","46.15384615384615"
"VS_map","65.625","31.818181818181817","34.375"
"VD_video","45.88235294117647","12.5","4.3478260869565215"
"VD_ocr","77.52808988764045","58.139534883720934","55.81395348837209"
