"split","Overall","atomStructure","eclipses","faultsEarthquakes","foodChainsWebs","lifeCycles","moonPhaseEquinox","partsOfA","partsOfTheEarth","photosynthesisRespiration","rockCycle","rockStrata","solarSystem","typesOf","volcano","waterCNPCycle"
"none","0.8125","0.625","0.9354838709677419","0.6428571428571429","0.9130808950086059","0.7529976019184652","0.6606498194945848","0.7967145790554415","0.7884615384615384","0.759493670886076","0.7014925373134329","0.7804878048780488","0.8888888888888888","0.7346938775510204","0.875","0.75"
