"Task&Skill","tot","prefetch","hit","prefetch_rate","acc"
"Overall","1000","747","631","74.7","63.1"
"scientific reasoning","122","97","75","79.50819672131148","61.47540983606557"
"textbook question answering","158","120","97","75.9493670886076","61.39240506329114"
"numeric commonsense","144","75","71","52.083333333333336","49.30555555555556"
"arithmetic reasoning","353","216","217","61.18980169971672","61.47308781869688"
"visual question answering","179","109","104","60.893854748603346","58.10055865921788"
"geometry reasoning","239","221","169","92.46861924686193","70.7112970711297"
"algebraic reasoning","281","250","187","88.96797153024912","66.54804270462633"
"geometry problem solving","208","202","151","97.11538461538461","72.59615384615384"
"math word problem","186","137","132","73.65591397849462","70.96774193548387"
"logical reasoning","37","25","5","67.56756756756756","13.513513513513514"
"figure question answering","269","179","147","66.54275092936803","54.646840148698885"
"statistical reasoning","301","202","192","67.109634551495","63.78737541528239"
