"split","Overall","atomStructure","eclipses","faultsEarthquakes","foodChainsWebs","lifeCycles","moonPhaseEquinox","partsOfA","partsOfTheEarth","photosynthesisRespiration","rockCycle","rockStrata","solarSystem","typesOf","volcano","waterCNPCycle"
"none","0.560880829015544","0.75","0.5161290322580645","0.6071428571428571","0.5266781411359724","0.5347721822541966","0.51985559566787","0.702258726899384","0.6538461538461539","0.6582278481012658","0.6119402985074627","0.4146341463414634","0.5","0.5160349854227405","0.5","0.5681818181818182"
