"split","Overall","atomStructure","eclipses","faultsEarthquakes","foodChainsWebs","lifeCycles","moonPhaseEquinox","partsOfA","partsOfTheEarth","photosynthesisRespiration","rockCycle","rockStrata","solarSystem","typesOf","volcano","waterCNPCycle"
"none","0.727979274611399","0.75","0.9032258064516129","0.6071428571428571","0.8382099827882961","0.645083932853717","0.5379061371841155","0.7207392197125256","0.7692307692307693","0.759493670886076","0.582089552238806","0.7073170731707317","0.7777777777777778","0.6472303206997084","0.8125","0.5227272727272727"
