"split","Overall","atomStructure","eclipses","faultsEarthquakes","foodChainsWebs","lifeCycles","moonPhaseEquinox","partsOfA","partsOfTheEarth","photosynthesisRespiration","rockCycle","rockStrata","solarSystem","typesOf","volcano","waterCNPCycle"
"none","0.8533031088082902","0.625","0.967741935483871","0.8214285714285714","0.9432013769363167","0.8513189448441247","0.7364620938628159","0.7885010266940452","0.8076923076923077","0.8227848101265823","0.6865671641791045","0.7560975609756098","0.8888888888888888","0.8017492711370262","0.8125","0.7727272727272727"
