"Task&Skill","tot","prefetch","hit","prefetch_rate","acc"
"Overall","1000","716","609","71.6","60.9"
"scientific reasoning","122","95","76","77.8688524590164","62.295081967213115"
"textbook question answering","158","115","90","72.78481012658227","56.9620253164557"
"numeric commonsense","144","73","68","50.69444444444444","47.22222222222222"
"arithmetic reasoning","353","183","181","51.84135977337111","51.27478753541076"
"visual question answering","179","108","101","60.33519553072626","56.424581005586596"
"geometry reasoning","239","227","151","94.97907949790795","63.17991631799163"
"algebraic reasoning","281","252","166","89.6797153024911","59.07473309608541"
"geometry problem solving","208","208","135","100.0","64.90384615384616"
"math word problem","186","106","103","56.98924731182796","55.376344086021504"
"logical reasoning","37","25","8","67.56756756756756","21.62162162162162"
"figure question answering","269","179","180","66.54275092936803","66.91449814126395"
"statistical reasoning","301","201","217","66.77740863787376","72.09302325581395"
