"split","Overall","atomStructure","eclipses","faultsEarthquakes","foodChainsWebs","lifeCycles","moonPhaseEquinox","partsOfA","partsOfTheEarth","photosynthesisRespiration","rockCycle","rockStrata","solarSystem","typesOf","volcano","waterCNPCycle"
"none","0.7768782383419689","0.75","0.9032258064516129","0.6428571428571429","0.8795180722891566","0.7170263788968825","0.628158844765343","0.7515400410677618","0.75","0.810126582278481","0.6119402985074627","0.6829268292682927","0.8611111111111112","0.7055393586005831","0.875","0.6136363636363636"
