"Task&Skill","tot","prefetch","hit","prefetch_rate","acc"
"Overall","1000","657","572","65.7","57.199999999999996"
"scientific reasoning","122","96","69","78.68852459016394","56.557377049180324"
"textbook question answering","158","114","88","72.15189873417721","55.69620253164557"
"numeric commonsense","144","66","58","45.83333333333333","40.27777777777778"
"arithmetic reasoning","353","174","199","49.29178470254957","56.37393767705382"
"visual question answering","179","105","78","58.659217877094974","43.575418994413404"
"geometry reasoning","239","185","144","77.40585774058577","60.25104602510461"
"algebraic reasoning","281","215","160","76.51245551601423","56.93950177935944"
"geometry problem solving","208","171","127","82.21153846153845","61.057692307692314"
"math word problem","186","97","139","52.1505376344086","74.73118279569893"
"logical reasoning","37","24","7","64.86486486486487","18.91891891891892"
"figure question answering","269","170","140","63.19702602230484","52.04460966542751"
"statistical reasoning","301","161","188","53.48837209302325","62.45847176079734"
