"split","Overall","atomStructure","eclipses","faultsEarthquakes","foodChainsWebs","lifeCycles","moonPhaseEquinox","partsOfA","partsOfTheEarth","photosynthesisRespiration","rockCycle","rockStrata","solarSystem","typesOf","volcano","waterCNPCycle"
"none","0.43134715025906734","0.375","0.41935483870967744","0.39285714285714285","0.45869191049913943","0.34772182254196643","0.34657039711191334","0.5051334702258727","0.36538461538461536","0.4936708860759494","0.4626865671641791","0.3170731707317073","0.4444444444444444","0.42857142857142855","0.3125","0.3409090909090909"
