"split","Overall","Accounting","Agriculture","Architecture_and_Engineering","Art","Art_Theory","Basic_Medical_Science","Biology","Chemistry","Clinical_Medicine","Computer_Science","Design","Diagnostics_and_Laboratory_Medicine","Economics","Electronics","Energy_and_Power","Finance","Geography","History","Literature","Manage","Marketing","Materials","Math","Mechanical_Engineering","Music","Pharmacy","Physics","Psychology","Public_Health","Sociology","Art & Design","Business","Health & Medicine","Humanities & Social Science","Science","Tech & Engineering"
"validation","0.31222222222222223","0.26666666666666666","0.3333333333333333","0.2","0.5666666666666667","0.3","0.43333333333333335","0.23333333333333334","0.3333333333333333","0.2","0.3333333333333333","0.43333333333333335","0.23333333333333334","0.4","0.3","0.26666666666666666","0.3333333333333333","0.2","0.3","0.5666666666666667","0.23333333333333334","0.3","0.3333333333333333","0.13333333333333333","0.3","0.26666666666666666","0.3","0.23333333333333334","0.2","0.36666666666666664","0.4666666666666667","0.39166666666666666","0.30666666666666664","0.30666666666666664","0.38333333333333336","0.22666666666666666","0.29523809523809524"
"dev","0.22666666666666666","0.4","0.2","0.2","0.0","0.4","0.4","0.2","0.2","0.2","0.4","0.4","0.2","0.2","0.2","0.4","0.2","0.2","0.0","0.2","0.2","0.4","0.0","0.0","0.4","0.2","0.0","0.2","0.4","0.2","0.2","0.25","0.28","0.2","0.2","0.16","0.2571428571428571"
