"split","Overall","atomStructure","eclipses","faultsEarthquakes","foodChainsWebs","lifeCycles","moonPhaseEquinox","partsOfA","partsOfTheEarth","photosynthesisRespiration","rockCycle","rockStrata","solarSystem","typesOf","volcano","waterCNPCycle"
"none","0.4057642487046632","0.25","0.4838709677419355","0.6428571428571429","0.3958691910499139","0.3764988009592326","0.36462093862815886","0.44353182751540043","0.34615384615384615","0.4936708860759494","0.44776119402985076","0.4878048780487805","0.4166666666666667","0.3935860058309038","0.5","0.4318181818181818"
