"split","Overall","atomStructure","eclipses","faultsEarthquakes","foodChainsWebs","lifeCycles","moonPhaseEquinox","partsOfA","partsOfTheEarth","photosynthesisRespiration","rockCycle","rockStrata","solarSystem","typesOf","volcano","waterCNPCycle"
"none","0.8248056994818653","0.75","0.9354838709677419","0.6785714285714286","0.9130808950086059","0.8057553956834532","0.6895306859205776","0.7823408624229979","0.8076923076923077","0.8860759493670886","0.6865671641791045","0.7317073170731707","0.8888888888888888","0.7638483965014577","0.875","0.6363636363636364"
