"split","Overall","Accounting","Agriculture","Architecture_and_Engineering","Art","Art_Theory","Basic_Medical_Science","Biology","Chemistry","Clinical_Medicine","Computer_Science","Design","Diagnostics_and_Laboratory_Medicine","Economics","Electronics","Energy_and_Power","Finance","Geography","History","Literature","Manage","Marketing","Materials","Math","Mechanical_Engineering","Music","Pharmacy","Physics","Psychology","Public_Health","Sociology","Art & Design","Business","Health & Medicine","Humanities & Social Science","Science","Tech & Engineering"
"dev","0.44666666666666666","0.4","0.2","0.4","0.6","0.4","0.8","0.2","0.2","0.2","0.6","0.6","0.0","0.0","0.6","0.4","0.2","0.0","0.8","0.8","1.0","0.6","0.4","0.6","0.4","0.2","0.8","0.2","0.8","0.4","0.6","0.45","0.44","0.44","0.75","0.24","0.42857142857142855"
"validation","0.5177777777777778","0.6666666666666666","0.7","0.3","0.6666666666666666","0.6666666666666666","0.43333333333333335","0.3333333333333333","0.43333333333333335","0.4666666666666667","0.6333333333333333","0.7","0.3","0.6","0.6333333333333333","0.5333333333333333","0.4666666666666667","0.5333333333333333","0.5666666666666667","0.8666666666666667","0.3","0.5666666666666667","0.3","0.36666666666666664","0.43333333333333335","0.36666666666666664","0.6333333333333333","0.4666666666666667","0.4666666666666667","0.5333333333333333","0.6","0.6","0.52","0.47333333333333333","0.625","0.4266666666666667","0.5047619047619047"
