"Task&Skill","tot","prefetch","hit","prefetch_rate","acc"
"Overall","1000","260","181","26.0","18.099999999999998"
"scientific reasoning","122","48","43","39.34426229508197","35.24590163934426"
"textbook question answering","158","44","52","27.848101265822784","32.91139240506329"
"numeric commonsense","144","13","15","9.027777777777777","10.416666666666668"
"arithmetic reasoning","353","67","48","18.980169971671387","13.59773371104816"
"visual question answering","179","64","41","35.754189944134076","22.905027932960895"
"geometry reasoning","239","60","33","25.10460251046025","13.807531380753138"
"algebraic reasoning","281","67","44","23.843416370106763","15.658362989323843"
"geometry problem solving","208","57","29","27.403846153846157","13.942307692307693"
"math word problem","186","8","12","4.301075268817205","6.451612903225806"
"logical reasoning","37","15","6","40.54054054054054","16.216216216216218"
"figure question answering","269","87","47","32.342007434944236","17.472118959107807"
"statistical reasoning","301","78","48","25.91362126245847","15.946843853820598"
