"split","Overall","atomStructure","eclipses","faultsEarthquakes","foodChainsWebs","lifeCycles","moonPhaseEquinox","partsOfA","partsOfTheEarth","photosynthesisRespiration","rockCycle","rockStrata","solarSystem","typesOf","volcano","waterCNPCycle"
"none","0.5689766839378239","0.5","0.5806451612903226","0.5357142857142857","0.6919104991394148","0.44364508393285373","0.4404332129963899","0.5790554414784395","0.6346153846153846","0.4810126582278481","0.44776119402985076","0.4634146341463415","0.6111111111111112","0.46938775510204084","0.4375","0.38636363636363635"
