"Task&Skill","tot","prefetch","hit","prefetch_rate","acc"
"Overall","1000","422","659","42.199999999999996","65.9"
"scientific reasoning","122","79","78","64.75409836065575","63.934426229508205"
"textbook question answering","158","88","102","55.69620253164557","64.55696202531645"
"numeric commonsense","144","23","62","15.972222222222221","43.05555555555556"
"arithmetic reasoning","353","92","200","26.062322946175637","56.657223796033996"
"visual question answering","179","84","89","46.927374301675975","49.72067039106145"
"geometry reasoning","239","146","165","61.08786610878661","69.0376569037657"
"algebraic reasoning","281","170","190","60.4982206405694","67.61565836298932"
"geometry problem solving","208","139","148","66.82692307692307","71.15384615384616"
"math word problem","186","12","129","6.451612903225806","69.35483870967742"
"logical reasoning","37","7","9","18.91891891891892","24.324324324324326"
"figure question answering","269","99","191","36.80297397769517","71.00371747211895"
"statistical reasoning","301","103","231","34.21926910299003","76.74418604651163"
