"Task&Skill","tot","prefetch","hit","prefetch_rate","acc"
"Overall","1000","558","229","55.800000000000004","22.900000000000002"
"scientific reasoning","122","94","44","77.04918032786885","36.0655737704918"
"textbook question answering","158","108","54","68.35443037974683","34.177215189873415"
"numeric commonsense","144","44","21","30.555555555555557","14.583333333333334"
"arithmetic reasoning","353","114","74","32.29461756373937","20.96317280453258"
"visual question answering","179","98","50","54.7486033519553","27.932960893854748"
"geometry reasoning","239","212","43","88.70292887029288","17.99163179916318"
"algebraic reasoning","281","240","54","85.40925266903915","19.217081850533805"
"geometry problem solving","208","203","38","97.59615384615384","18.269230769230766"
"math word problem","186","31","26","16.666666666666664","13.978494623655912"
"logical reasoning","37","22","12","59.45945945945946","32.432432432432435"
"figure question answering","269","118","61","43.866171003717476","22.676579925650557"
"statistical reasoning","301","111","59","36.87707641196013","19.601328903654487"
