"split","Overall","atomStructure","eclipses","faultsEarthquakes","foodChainsWebs","lifeCycles","moonPhaseEquinox","partsOfA","partsOfTheEarth","photosynthesisRespiration","rockCycle","rockStrata","solarSystem","typesOf","volcano","waterCNPCycle"
"none","0.4229274611398964","0.25","0.5483870967741935","0.42857142857142855","0.4457831325301205","0.354916067146283","0.36101083032490977","0.46406570841889117","0.3269230769230769","0.4050632911392405","0.3582089552238806","0.43902439024390244","0.4444444444444444","0.44314868804664725","0.5","0.36363636363636365"
