"split","Overall","atomStructure","eclipses","faultsEarthquakes","foodChainsWebs","lifeCycles","moonPhaseEquinox","partsOfA","partsOfTheEarth","photosynthesisRespiration","rockCycle","rockStrata","solarSystem","typesOf","volcano","waterCNPCycle"
"none","0.7784974093264249","0.625","0.9032258064516129","0.6428571428571429","0.882960413080895","0.7194244604316546","0.5812274368231047","0.7474332648870636","0.75","0.7215189873417721","0.6268656716417911","0.7804878048780488","0.8888888888888888","0.7434402332361516","0.875","0.7045454545454546"
