"split","Overall","atomStructure","eclipses","faultsEarthquakes","foodChainsWebs","lifeCycles","moonPhaseEquinox","partsOfA","partsOfTheEarth","photosynthesisRespiration","rockCycle","rockStrata","solarSystem","typesOf","volcano","waterCNPCycle"
"none","0.6852331606217616","0.625","0.8064516129032258","0.5714285714285714","0.7693631669535284","0.6594724220623501","0.5631768953068592","0.6570841889117043","0.6730769230769231","0.759493670886076","0.582089552238806","0.6585365853658537","0.8055555555555556","0.6005830903790087","0.6875","0.4090909090909091"
