"split","Overall","atomStructure","eclipses","faultsEarthquakes","foodChainsWebs","lifeCycles","moonPhaseEquinox","partsOfA","partsOfTheEarth","photosynthesisRespiration","rockCycle","rockStrata","solarSystem","typesOf","volcano","waterCNPCycle"
"none","0.7023963730569949","0.75","0.7741935483870968","0.5","0.8012048192771084","0.6115107913669064","0.5812274368231047","0.7104722792607803","0.7115384615384616","0.6582278481012658","0.5970149253731343","0.5609756097560976","0.8611111111111112","0.6239067055393586","0.875","0.4772727272727273"
