"Task&Skill","tot","prefetch","hit","prefetch_rate","acc"
"Overall","1000","560","550","56.00000000000001","55.00000000000001"
"scientific reasoning","122","88","71","72.1311475409836","58.19672131147541"
"textbook question answering","158","101","89","63.92405063291139","56.32911392405063"
"numeric commonsense","144","41","42","28.47222222222222","29.166666666666668"
"arithmetic reasoning","353","135","180","38.243626062322946","50.991501416430594"
"visual question answering","179","94","88","52.513966480446925","49.162011173184354"
"geometry reasoning","239","157","128","65.69037656903765","53.55648535564853"
"algebraic reasoning","281","185","147","65.83629893238434","52.313167259786475"
"geometry problem solving","208","149","113","71.63461538461539","54.32692307692307"
"math word problem","186","53","97","28.49462365591398","52.1505376344086"
"logical reasoning","37","19","5","51.35135135135135","13.513513513513514"
"figure question answering","269","163","163","60.594795539033456","60.594795539033456"
"statistical reasoning","301","178","208","59.136212624584715","69.10299003322258"
