"split","Overall","atomStructure","eclipses","faultsEarthquakes","foodChainsWebs","lifeCycles","moonPhaseEquinox","partsOfA","partsOfTheEarth","photosynthesisRespiration","rockCycle","rockStrata","solarSystem","typesOf","volcano","waterCNPCycle"
"none","0.770401554404145","0.875","0.9032258064516129","0.75","0.8580034423407917","0.7290167865707434","0.5992779783393501","0.7535934291581109","0.8269230769230769","0.7848101265822784","0.5970149253731343","0.7073170731707317","0.8611111111111112","0.7230320699708455","0.875","0.5"
