"split","Overall","atomStructure","eclipses","faultsEarthquakes","foodChainsWebs","lifeCycles","moonPhaseEquinox","partsOfA","partsOfTheEarth","photosynthesisRespiration","rockCycle","rockStrata","solarSystem","typesOf","volcano","waterCNPCycle"
"none","0.6732512953367875","0.5","0.7741935483870968","0.5714285714285714","0.7857142857142857","0.5251798561151079","0.5270758122743683","0.6837782340862423","0.75","0.6455696202531646","0.5223880597014925","0.6829268292682927","0.8055555555555556","0.60932944606414","0.6875","0.5"
