"Task&Skill","tot","prefetch","hit","prefetch_rate","acc"
"Overall","1000","622","412","62.2","41.199999999999996"
"scientific reasoning","122","96","59","78.68852459016394","48.36065573770492"
"textbook question answering","158","109","69","68.9873417721519","43.67088607594937"
"numeric commonsense","144","49","63","34.02777777777778","43.75"
"arithmetic reasoning","353","131","131","37.110481586402265","37.110481586402265"
"visual question answering","179","102","77","56.98324022346368","43.01675977653631"
"geometry reasoning","239","212","76","88.70292887029288","31.799163179916317"
"algebraic reasoning","281","241","79","85.76512455516014","28.11387900355872"
"geometry problem solving","208","203","61","97.59615384615384","29.326923076923077"
"math word problem","186","40","78","21.50537634408602","41.935483870967744"
"logical reasoning","37","24","5","64.86486486486487","13.513513513513514"
"figure question answering","269","168","127","62.45353159851301","47.21189591078067"
"statistical reasoning","301","158","133","52.49169435215947","44.18604651162791"
