"split","Overall","Accounting","Agriculture","Architecture_and_Engineering","Art","Art_Theory","Basic_Medical_Science","Biology","Chemistry","Clinical_Medicine","Computer_Science","Design","Diagnostics_and_Laboratory_Medicine","Economics","Electronics","Energy_and_Power","Finance","Geography","History","Literature","Manage","Marketing","Materials","Math","Mechanical_Engineering","Music","Pharmacy","Physics","Psychology","Public_Health","Sociology","Art & Design","Business","Health & Medicine","Humanities & Social Science","Science","Tech & Engineering"
"dev","0.35333333333333333","0.6","0.4","0.4","0.8","0.6","0.8","0.6","0.0","0.2","0.0","0.2","0.0","0.2","0.2","0.0","0.4","0.2","0.4","0.4","0.2","0.2","0.4","0.8","0.4","0.2","0.0","0.4","0.8","0.2","0.6","0.45","0.32","0.24","0.55","0.4","0.2571428571428571"
"validation","0.3611111111111111","0.13333333333333333","0.36666666666666664","0.2","0.6","0.5666666666666667","0.26666666666666666","0.23333333333333334","0.3333333333333333","0.36666666666666664","0.3","0.6666666666666666","0.26666666666666666","0.3333333333333333","0.3333333333333333","0.3","0.36666666666666664","0.4666666666666667","0.5333333333333333","0.6666666666666666","0.36666666666666664","0.4","0.23333333333333334","0.3","0.3333333333333333","0.3","0.3333333333333333","0.2","0.3","0.3333333333333333","0.43333333333333335","0.5333333333333333","0.32","0.31333333333333335","0.48333333333333334","0.30666666666666664","0.29523809523809524"
