"split","Overall","atomStructure","eclipses","faultsEarthquakes","foodChainsWebs","lifeCycles","moonPhaseEquinox","partsOfA","partsOfTheEarth","photosynthesisRespiration","rockCycle","rockStrata","solarSystem","typesOf","volcano","waterCNPCycle"
"none","0.5106865284974094","0.5","0.5161290322580645","0.4642857142857143","0.5989672977624785","0.38369304556354916","0.3935018050541516","0.5605749486652978","0.46153846153846156","0.43037974683544306","0.44776119402985076","0.36585365853658536","0.5833333333333334","0.45481049562682213","0.375","0.45454545454545453"
