"split","Overall","atomStructure","eclipses","faultsEarthquakes","foodChainsWebs","lifeCycles","moonPhaseEquinox","partsOfA","partsOfTheEarth","photosynthesisRespiration","rockCycle","rockStrata","solarSystem","typesOf","volcano","waterCNPCycle"
"none","0.5456606217616581","0.375","0.6129032258064516","0.39285714285714285","0.5851979345955249","0.5227817745803357","0.4620938628158845","0.5626283367556468","0.6346153846153846","0.43037974683544306","0.5970149253731343","0.6097560975609756","0.6944444444444444","0.4839650145772595","0.5","0.4772727272727273"
