"Task&Skill","tot","prefetch","hit","prefetch_rate","acc"
"Overall","1000","584","377","58.4","37.7"
"scientific reasoning","122","94","66","77.04918032786885","54.09836065573771"
"textbook question answering","158","107","76","67.72151898734177","48.10126582278481"
"numeric commonsense","144","43","38","29.86111111111111","26.38888888888889"
"arithmetic reasoning","353","110","124","31.1614730878187","35.12747875354108"
"visual question answering","179","96","73","53.63128491620112","40.78212290502793"
"geometry reasoning","239","208","69","87.02928870292888","28.870292887029287"
"algebraic reasoning","281","235","81","83.62989323843416","28.825622775800714"
"geometry problem solving","208","199","59","95.67307692307693","28.365384615384613"
"math word problem","186","29","51","15.591397849462366","27.419354838709676"
"logical reasoning","37","24","4","64.86486486486487","10.81081081081081"
"figure question answering","269","153","118","56.877323420074354","43.866171003717476"
"statistical reasoning","301","144","130","47.840531561461795","43.18936877076412"
