"split","Overall","atomStructure","eclipses","faultsEarthquakes","foodChainsWebs","lifeCycles","moonPhaseEquinox","partsOfA","partsOfTheEarth","photosynthesisRespiration","rockCycle","rockStrata","solarSystem","typesOf","volcano","waterCNPCycle"
"none","0.727979274611399","0.75","0.9032258064516129","0.5714285714285714","0.8537005163511188","0.6139088729016786","0.516245487364621","0.7371663244353183","0.6923076923076923","0.7215189873417721","0.6268656716417911","0.6341463414634146","0.75","0.641399416909621","0.875","0.5909090909090909"
