"split","Overall","atomStructure","eclipses","faultsEarthquakes","foodChainsWebs","lifeCycles","moonPhaseEquinox","partsOfA","partsOfTheEarth","photosynthesisRespiration","rockCycle","rockStrata","solarSystem","typesOf","volcano","waterCNPCycle"
"none","0.8338730569948186","0.875","0.9354838709677419","0.7142857142857143","0.9208261617900172","0.8129496402877698","0.7220216606498195","0.8090349075975359","0.8269230769230769","0.8227848101265823","0.6119402985074627","0.7560975609756098","0.8888888888888888","0.7580174927113703","0.75","0.7272727272727273"
