"split","Overall","Accounting","Agriculture","Architecture_and_Engineering","Art","Art_Theory","Basic_Medical_Science","Biology","Chemistry","Clinical_Medicine","Computer_Science","Design","Diagnostics_and_Laboratory_Medicine","Economics","Electronics","Energy_and_Power","Finance","Geography","History","Literature","Manage","Marketing","Materials","Math","Mechanical_Engineering","Music","Pharmacy","Physics","Psychology","Public_Health","Sociology","Art & Design","Business","Health & Medicine","Humanities & Social Science","Science","Tech & Engineering"
"validation","0.47555555555555556","0.5666666666666667","0.43333333333333335","0.36666666666666664","0.6333333333333333","0.5666666666666667","0.4666666666666667","0.36666666666666664","0.3","0.6666666666666666","0.4","0.7","0.4","0.36666666666666664","0.7333333333333333","0.3","0.36666666666666664","0.4666666666666667","0.6333333333333333","0.9","0.43333333333333335","0.5333333333333333","0.26666666666666666","0.43333333333333335","0.43333333333333335","0.23333333333333334","0.3333333333333333","0.4","0.6","0.36666666666666664","0.6","0.5333333333333333","0.4533333333333333","0.44666666666666666","0.6833333333333333","0.3933333333333333","0.41904761904761906"
"dev","0.5","0.4","0.4","0.2","0.6","0.8","0.6","0.8","0.2","0.2","0.6","0.6","0.2","0.8","0.4","0.6","0.2","0.0","1.0","1.0","0.6","0.4","0.2","0.6","0.8","0.2","0.8","0.4","0.6","0.2","0.6","0.55","0.48","0.4","0.8","0.4","0.45714285714285713"
