"split","Overall","atomStructure","eclipses","faultsEarthquakes","foodChainsWebs","lifeCycles","moonPhaseEquinox","partsOfA","partsOfTheEarth","photosynthesisRespiration","rockCycle","rockStrata","solarSystem","typesOf","volcano","waterCNPCycle"
"none","0.7843264248704663","0.75","0.8709677419354839","0.6785714285714286","0.9001721170395869","0.7577937649880095","0.6245487364620939","0.7494866529774127","0.7115384615384616","0.7215189873417721","0.6567164179104478","0.8048780487804879","0.8055555555555556","0.6676384839650146","0.8125","0.6363636363636364"
