"split","Overall","atomStructure","eclipses","faultsEarthquakes","foodChainsWebs","lifeCycles","moonPhaseEquinox","partsOfA","partsOfTheEarth","photosynthesisRespiration","rockCycle","rockStrata","solarSystem","typesOf","volcano","waterCNPCycle"
"none","0.8792098445595855","1.0","0.9032258064516129","0.8928571428571429","0.9432013769363167","0.8705035971223022","0.7545126353790613","0.8336755646817249","0.8076923076923077","0.8860759493670886","0.7910447761194029","0.9024390243902439","1.0","0.8483965014577259","1.0","0.7954545454545454"
