"split","Overall","Accounting","Agriculture","Architecture_and_Engineering","Art","Art_Theory","Basic_Medical_Science","Biology","Chemistry","Clinical_Medicine","Computer_Science","Design","Diagnostics_and_Laboratory_Medicine","Economics","Electronics","Energy_and_Power","Finance","Geography","History","Literature","Manage","Marketing","Materials","Math","Mechanical_Engineering","Music","Pharmacy","Physics","Psychology","Public_Health","Sociology","Art & Design","Business","Health & Medicine","Humanities & Social Science","Science","Tech & Engineering"
"dev","0.6133333333333333","0.6","0.6","0.2","1.0","1.0","1.0","0.6","0.2","0.2","0.6","0.6","0.6","0.8","0.6","0.6","0.4","0.2","1.0","1.0","0.2","0.8","0.4","0.6","0.6","0.6","0.6","0.8","0.8","0.4","0.8","0.8","0.56","0.56","0.9","0.48","0.5142857142857142"
"validation","0.6222222222222222","0.5333333333333333","0.5","0.5333333333333333","0.7","0.8333333333333334","0.7333333333333333","0.5333333333333333","0.5333333333333333","0.6","0.6","0.8333333333333334","0.5","0.6666666666666666","0.5333333333333333","0.4666666666666667","0.4666666666666667","0.6333333333333333","0.7333333333333333","0.9","0.7333333333333333","0.8","0.4","0.4666666666666667","0.43333333333333335","0.36666666666666664","0.6666666666666666","0.7","0.7333333333333333","0.8333333333333334","0.7","0.6833333333333333","0.64","0.6666666666666666","0.7666666666666667","0.5733333333333334","0.49523809523809526"
