"Task&Skill","tot","prefetch","hit","prefetch_rate","acc"
"Overall","1000","538","736","53.800000000000004","73.6"
"scientific reasoning","122","83","85","68.0327868852459","69.67213114754098"
"textbook question answering","158","94","115","59.49367088607595","72.78481012658227"
"numeric commonsense","144","44","73","30.555555555555557","50.69444444444444"
"arithmetic reasoning","353","134","234","37.960339943342774","66.28895184135978"
"visual question answering","179","98","101","54.7486033519553","56.424581005586596"
"geometry reasoning","239","161","193","67.36401673640168","80.75313807531381"
"algebraic reasoning","281","186","226","66.19217081850533","80.42704626334519"
"geometry problem solving","208","153","175","73.5576923076923","84.13461538461539"
"math word problem","186","46","156","24.731182795698924","83.87096774193549"
"logical reasoning","37","20","10","54.054054054054056","27.027027027027028"
"figure question answering","269","147","189","54.646840148698885","70.26022304832715"
"statistical reasoning","301","158","239","52.49169435215947","79.40199335548172"
