"split","Overall","atomStructure","eclipses","faultsEarthquakes","foodChainsWebs","lifeCycles","moonPhaseEquinox","partsOfA","partsOfTheEarth","photosynthesisRespiration","rockCycle","rockStrata","solarSystem","typesOf","volcano","waterCNPCycle"
"none","0.7739637305699482","0.625","0.8387096774193549","0.6785714285714286","0.8734939759036144","0.7218225419664268","0.6137184115523465","0.757700205338809","0.7307692307692307","0.8354430379746836","0.5970149253731343","0.6829268292682927","0.8888888888888888","0.6997084548104956","1.0","0.5681818181818182"
