"split","Overall","atomStructure","eclipses","faultsEarthquakes","foodChainsWebs","lifeCycles","moonPhaseEquinox","partsOfA","partsOfTheEarth","photosynthesisRespiration","rockCycle","rockStrata","solarSystem","typesOf","volcano","waterCNPCycle"
"none","0.3756476683937824","0.375","0.3870967741935484","0.5","0.3743545611015491","0.3669064748201439","0.33935018050541516","0.45585215605749485","0.28846153846153844","0.4050632911392405","0.40298507462686567","0.34146341463414637","0.2777777777777778","0.3294460641399417","0.375","0.22727272727272727"
