"Task&Skill","tot","prefetch","hit","prefetch_rate","acc"
"Overall","1000","498","658","49.8","65.8"
"scientific reasoning","122","87","80","71.31147540983606","65.57377049180327"
"textbook question answering","158","97","102","61.39240506329114","64.55696202531645"
"numeric commonsense","144","54","61","37.5","42.36111111111111"
"arithmetic reasoning","353","104","206","29.461756373937675","58.35694050991501"
"visual question answering","179","95","89","53.072625698324025","49.72067039106145"
"geometry reasoning","239","165","162","69.0376569037657","67.78242677824268"
"algebraic reasoning","281","189","186","67.25978647686833","66.19217081850533"
"geometry problem solving","208","156","144","75.0","69.23076923076923"
"math word problem","186","35","137","18.817204301075268","73.65591397849462"
"logical reasoning","37","16","6","43.24324324324324","16.216216216216218"
"figure question answering","269","115","186","42.75092936802974","69.14498141263941"
"statistical reasoning","301","113","235","37.54152823920266","78.07308970099668"
