"Task&Skill","tot","prefetch","hit","prefetch_rate","acc"
"Overall","1000","772","662","77.2","66.2"
"scientific reasoning","122","97","78","79.50819672131148","63.934426229508205"
"textbook question answering","158","121","103","76.58227848101265","65.18987341772153"
"numeric commonsense","144","70","68","48.61111111111111","47.22222222222222"
"arithmetic reasoning","353","212","217","60.05665722379604","61.47308781869688"
"visual question answering","179","103","100","57.54189944134078","55.865921787709496"
"geometry reasoning","239","226","167","94.56066945606695","69.8744769874477"
"algebraic reasoning","281","254","187","90.39145907473309","66.54804270462633"
"geometry problem solving","208","205","147","98.5576923076923","70.67307692307693"
"math word problem","186","141","143","75.80645161290323","76.88172043010752"
"logical reasoning","37","25","3","67.56756756756756","8.108108108108109"
"figure question answering","269","202","169","75.09293680297398","62.825278810408925"
"statistical reasoning","301","228","221","75.74750830564784","73.421926910299"
