"split","Overall","atomStructure","eclipses","faultsEarthquakes","foodChainsWebs","lifeCycles","moonPhaseEquinox","partsOfA","partsOfTheEarth","photosynthesisRespiration","rockCycle","rockStrata","solarSystem","typesOf","volcano","waterCNPCycle"
"none","0.8150906735751295","0.75","0.9032258064516129","0.7142857142857143","0.8932874354561101","0.8177458033573142","0.7256317689530686","0.7659137577002053","0.7115384615384616","0.8354430379746836","0.6716417910447762","0.7804878048780488","0.8888888888888888","0.749271137026239","0.9375","0.5909090909090909"
