"split","Overall","atomStructure","eclipses","faultsEarthquakes","foodChainsWebs","lifeCycles","moonPhaseEquinox","partsOfA","partsOfTheEarth","photosynthesisRespiration","rockCycle","rockStrata","solarSystem","typesOf","volcano","waterCNPCycle"
"none","0.8911917098445595","1.0","0.967741935483871","0.9285714285714286","0.955249569707401","0.8609112709832134","0.7870036101083032","0.8583162217659137","0.8269230769230769","0.8987341772151899","0.7910447761194029","0.9024390243902439","0.9444444444444444","0.8658892128279884","0.9375","0.75"
