"Task&Skill","tot","prefetch","hit","prefetch_rate","acc"
"Overall","1000","485","641","48.5","64.1"
"scientific reasoning","122","85","71","69.67213114754098","58.19672131147541"
"textbook question answering","158","98","99","62.0253164556962","62.65822784810127"
"numeric commonsense","144","42","54","29.166666666666668","37.5"
"arithmetic reasoning","353","100","203","28.328611898016998","57.50708215297451"
"visual question answering","179","93","96","51.955307262569825","53.63128491620112"
"geometry reasoning","239","170","180","71.1297071129707","75.31380753138075"
"algebraic reasoning","281","199","207","70.8185053380783","73.66548042704626"
"geometry problem solving","208","162","163","77.88461538461539","78.36538461538461"
"math word problem","186","25","116","13.440860215053762","62.365591397849464"
"logical reasoning","37","12","8","32.432432432432435","21.62162162162162"
"figure question answering","269","107","167","39.77695167286245","62.0817843866171"
"statistical reasoning","301","110","216","36.544850498338874","71.76079734219269"
