"split","Overall","atomStructure","eclipses","faultsEarthquakes","foodChainsWebs","lifeCycles","moonPhaseEquinox","partsOfA","partsOfTheEarth","photosynthesisRespiration","rockCycle","rockStrata","solarSystem","typesOf","volcano","waterCNPCycle"
"none","0.6366580310880829","0.625","0.7741935483870968","0.6428571428571429","0.7099827882960413","0.5563549160671463","0.5054151624548736","0.6714579055441479","0.6346153846153846","0.6708860759493671","0.582089552238806","0.5365853658536586","0.7222222222222222","0.5539358600583091","0.8125","0.4318181818181818"
