"split","Overall","atomStructure","eclipses","faultsEarthquakes","foodChainsWebs","lifeCycles","moonPhaseEquinox","partsOfA","partsOfTheEarth","photosynthesisRespiration","rockCycle","rockStrata","solarSystem","typesOf","volcano","waterCNPCycle"
"none","0.6706606217616581","0.5","0.6129032258064516","0.6071428571428571","0.8666092943201377","0.49640287769784175","0.4584837545126354","0.6735112936344969","0.6538461538461539","0.4936708860759494","0.5522388059701493","0.4146341463414634","0.8333333333333334","0.5131195335276968","0.6875","0.4090909090909091"
