"split","Overall","atomStructure","eclipses","faultsEarthquakes","foodChainsWebs","lifeCycles","moonPhaseEquinox","partsOfA","partsOfTheEarth","photosynthesisRespiration","rockCycle","rockStrata","solarSystem","typesOf","volcano","waterCNPCycle"
"none","0.7551813471502591","0.75","0.7096774193548387","0.5357142857142857","0.8889845094664371","0.657074340527578","0.6028880866425993","0.7207392197125256","0.7307692307692307","0.6329113924050633","0.6268656716417911","0.6097560975609756","0.8888888888888888","0.6967930029154519","0.875","0.5454545454545454"
