"Task&Skill","tot","prefetch","hit","prefetch_rate","acc"
"Overall","1000","477","376","47.699999999999996","37.6"
"scientific reasoning","122","89","75","72.95081967213115","61.47540983606557"
"textbook question answering","158","100","87","63.29113924050633","55.06329113924051"
"numeric commonsense","144","39","28","27.083333333333332","19.444444444444446"
"arithmetic reasoning","353","99","71","28.04532577903683","20.113314447592067"
"visual question answering","179","92","63","51.39664804469274","35.19553072625698"
"geometry reasoning","239","157","146","65.69037656903765","61.08786610878661"
"algebraic reasoning","281","183","169","65.12455516014235","60.14234875444839"
"geometry problem solving","208","149","137","71.63461538461539","65.86538461538461"
"math word problem","186","22","14","11.827956989247312","7.526881720430108"
"logical reasoning","37","22","8","59.45945945945946","21.62162162162162"
"figure question answering","269","114","75","42.37918215613383","27.881040892193308"
"statistical reasoning","301","106","81","35.21594684385382","26.910299003322258"
