"split","Overall","atomStructure","eclipses","faultsEarthquakes","foodChainsWebs","lifeCycles","moonPhaseEquinox","partsOfA","partsOfTheEarth","photosynthesisRespiration","rockCycle","rockStrata","solarSystem","typesOf","volcano","waterCNPCycle"
"none","0.5686528497409327","0.5","0.7096774193548387","0.5","0.6256454388984509","0.49640287769784175","0.4548736462093863","0.6201232032854209","0.6153846153846154","0.4177215189873418","0.4626865671641791","0.6341463414634146","0.6388888888888888","0.5276967930029155","0.5","0.45454545454545453"
