"split","Overall","atomStructure","eclipses","faultsEarthquakes","foodChainsWebs","lifeCycles","moonPhaseEquinox","partsOfA","partsOfTheEarth","photosynthesisRespiration","rockCycle","rockStrata","solarSystem","typesOf","volcano","waterCNPCycle"
"none","0.6253238341968912","0.375","0.7096774193548387","0.6071428571428571","0.7710843373493976","0.5203836930455635","0.4259927797833935","0.6303901437371663","0.6730769230769231","0.4430379746835443","0.417910447761194","0.5121951219512195","0.6666666666666666","0.5335276967930029","0.5625","0.36363636363636365"
