"split","Overall","atomStructure","eclipses","faultsEarthquakes","foodChainsWebs","lifeCycles","moonPhaseEquinox","partsOfA","partsOfTheEarth","photosynthesisRespiration","rockCycle","rockStrata","solarSystem","typesOf","volcano","waterCNPCycle"
"none","0.772020725388601","0.875","0.8709677419354839","0.6785714285714286","0.9122203098106713","0.6211031175059952","0.5776173285198556","0.7782340862422998","0.6730769230769231","0.7468354430379747","0.6567164179104478","0.6829268292682927","0.8055555555555556","0.6938775510204082","0.8125","0.6136363636363636"
