"Task&Skill","tot","prefetch","hit","prefetch_rate","acc"
"Overall","1000","599","525","59.9","52.5"
"scientific reasoning","122","94","72","77.04918032786885","59.01639344262295"
"textbook question answering","158","109","81","68.9873417721519","51.26582278481012"
"numeric commonsense","144","65","62","45.13888888888889","43.05555555555556"
"arithmetic reasoning","353","134","205","37.960339943342774","58.07365439093485"
"visual question answering","179","97","86","54.18994413407822","48.04469273743017"
"geometry reasoning","239","221","97","92.46861924686193","40.58577405857741"
"algebraic reasoning","281","241","105","85.76512455516014","37.36654804270463"
"geometry problem solving","208","203","82","97.59615384615384","39.42307692307692"
"math word problem","186","72","142","38.70967741935484","76.34408602150538"
"logical reasoning","37","25","4","67.56756756756756","10.81081081081081"
"figure question answering","269","118","134","43.866171003717476","49.814126394052046"
"statistical reasoning","301","107","179","35.548172757475086","59.46843853820598"
