"split","Overall","atomStructure","eclipses","faultsEarthquakes","foodChainsWebs","lifeCycles","moonPhaseEquinox","partsOfA","partsOfTheEarth","photosynthesisRespiration","rockCycle","rockStrata","solarSystem","typesOf","volcano","waterCNPCycle"
"none","0.7234455958549223","0.5","0.8387096774193549","0.6428571428571429","0.878657487091222","0.5491606714628298","0.5523465703971119","0.7207392197125256","0.6923076923076923","0.7088607594936709","0.5373134328358209","0.5853658536585366","0.8055555555555556","0.6268221574344023","0.8125","0.5227272727272727"
