"split","Overall","atomStructure","eclipses","faultsEarthquakes","foodChainsWebs","lifeCycles","moonPhaseEquinox","partsOfA","partsOfTheEarth","photosynthesisRespiration","rockCycle","rockStrata","solarSystem","typesOf","volcano","waterCNPCycle"
"none","0.8205958549222798","0.875","0.8709677419354839","0.7142857142857143","0.9199655765920827","0.7889688249400479","0.6714801444043321","0.7741273100616016","0.75","0.8227848101265823","0.7164179104477612","0.7317073170731707","0.9166666666666666","0.7725947521865889","0.8125","0.5909090909090909"
