"Task&Skill","tot","prefetch","hit","prefetch_rate","acc"
"Overall","1000","703","608","70.3","60.8"
"scientific reasoning","122","97","76","79.50819672131148","62.295081967213115"
"textbook question answering","158","118","94","74.68354430379746","59.49367088607595"
"numeric commonsense","144","67","60","46.52777777777778","41.66666666666667"
"arithmetic reasoning","353","203","187","57.50708215297451","52.97450424929179"
"visual question answering","179","101","85","56.424581005586596","47.486033519553075"
"geometry reasoning","239","182","138","76.15062761506276","57.74058577405857"
"algebraic reasoning","281","209","156","74.37722419928826","55.51601423487544"
"geometry problem solving","208","162","121","77.88461538461539","58.17307692307693"
"math word problem","186","133","123","71.50537634408603","66.12903225806451"
"logical reasoning","37","25","7","67.56756756756756","18.91891891891892"
"figure question answering","269","189","185","70.26022304832715","68.77323420074349"
"statistical reasoning","301","216","228","71.76079734219269","75.74750830564784"
