"split","Overall","atomStructure","eclipses","faultsEarthquakes","foodChainsWebs","lifeCycles","moonPhaseEquinox","partsOfA","partsOfTheEarth","photosynthesisRespiration","rockCycle","rockStrata","solarSystem","typesOf","volcano","waterCNPCycle"
"none","0.5278497409326425","0.5","0.5806451612903226","0.5714285714285714","0.5783132530120482","0.4892086330935252","0.44404332129963897","0.5379876796714579","0.5","0.46835443037974683","0.5522388059701493","0.4634146341463415","0.5277777777777778","0.46938775510204084","0.5","0.5454545454545454"
