"split","Overall","Accounting","Agriculture","Architecture_and_Engineering","Art","Art_Theory","Basic_Medical_Science","Biology","Chemistry","Clinical_Medicine","Computer_Science","Design","Diagnostics_and_Laboratory_Medicine","Economics","Electronics","Energy_and_Power","Finance","Geography","History","Literature","Manage","Marketing","Materials","Math","Mechanical_Engineering","Music","Pharmacy","Physics","Psychology","Public_Health","Sociology","Art & Design","Business","Health & Medicine","Humanities & Social Science","Science","Tech & Engineering"
"validation","0.3655555555555556","0.23333333333333334","0.36666666666666664","0.23333333333333334","0.4666666666666667","0.4","0.36666666666666664","0.26666666666666666","0.23333333333333334","0.43333333333333335","0.4","0.6","0.43333333333333335","0.36666666666666664","0.5666666666666667","0.43333333333333335","0.26666666666666666","0.3","0.3333333333333333","0.8333333333333334","0.3333333333333333","0.2","0.23333333333333334","0.3","0.26666666666666666","0.3333333333333333","0.36666666666666664","0.4","0.26666666666666666","0.3","0.43333333333333335","0.45","0.28","0.38","0.4666666666666667","0.3","0.35714285714285715"
"dev","0.41333333333333333","0.6","0.2","0.2","0.6","0.4","0.2","0.2","0.4","0.2","0.4","0.6","0.6","0.6","0.4","0.4","0.2","0.2","0.6","0.8","0.4","0.8","0.0","0.2","0.4","0.2","0.4","0.2","1.0","0.2","0.8","0.45","0.52","0.32","0.8","0.24","0.2857142857142857"
