"split","Overall","atomStructure","eclipses","faultsEarthquakes","foodChainsWebs","lifeCycles","moonPhaseEquinox","partsOfA","partsOfTheEarth","photosynthesisRespiration","rockCycle","rockStrata","solarSystem","typesOf","volcano","waterCNPCycle"
"none","0.5683290155440415","0.5","0.8064516129032258","0.5714285714285714","0.6179001721170396","0.5275779376498801","0.4729241877256318","0.5852156057494866","0.4423076923076923","0.5822784810126582","0.5074626865671642","0.5609756097560976","0.6388888888888888","0.5306122448979592","0.5","0.38636363636363635"
