"split","Overall","atomStructure","eclipses","faultsEarthquakes","foodChainsWebs","lifeCycles","moonPhaseEquinox","partsOfA","partsOfTheEarth","photosynthesisRespiration","rockCycle","rockStrata","solarSystem","typesOf","volcano","waterCNPCycle"
"none","0.814119170984456","0.75","0.9354838709677419","0.5714285714285714","0.9113597246127366","0.7841726618705036","0.6714801444043321","0.7782340862422998","0.7692307692307693","0.8227848101265823","0.6268656716417911","0.7804878048780488","0.8888888888888888","0.7463556851311953","0.875","0.7045454545454546"
