"Task&Skill","tot","prefetch","hit","prefetch_rate","acc"
"Overall","1000","638","376","63.800000000000004","37.6"
"scientific reasoning","122","96","60","78.68852459016394","49.18032786885246"
"textbook question answering","158","111","70","70.25316455696202","44.303797468354425"
"numeric commonsense","144","48","28","33.33333333333333","19.444444444444446"
"arithmetic reasoning","353","146","113","41.359773371104815","32.01133144475921"
"visual question answering","179","101","72","56.424581005586596","40.22346368715084"
"geometry reasoning","239","213","66","89.1213389121339","27.615062761506277"
"algebraic reasoning","281","243","84","86.47686832740213","29.8932384341637"
"geometry problem solving","208","203","62","97.59615384615384","29.807692307692307"
"math word problem","186","58","43","31.182795698924732","23.118279569892472"
"logical reasoning","37","24","5","64.86486486486487","13.513513513513514"
"figure question answering","269","165","129","61.33828996282528","47.95539033457249"
"statistical reasoning","301","160","137","53.156146179402","45.51495016611295"
