"split","Overall","atomStructure","eclipses","faultsEarthquakes","foodChainsWebs","lifeCycles","moonPhaseEquinox","partsOfA","partsOfTheEarth","photosynthesisRespiration","rockCycle","rockStrata","solarSystem","typesOf","volcano","waterCNPCycle"
"none","0.7794689119170984","0.875","0.8709677419354839","0.75","0.9010327022375215","0.7122302158273381","0.6209386281588448","0.7597535934291582","0.7115384615384616","0.7088607594936709","0.5671641791044776","0.7073170731707317","0.8888888888888888","0.685131195335277","0.75","0.6136363636363636"
