"split","Overall","Accounting","Agriculture","Architecture_and_Engineering","Art","Art_Theory","Basic_Medical_Science","Biology","Chemistry","Clinical_Medicine","Computer_Science","Design","Diagnostics_and_Laboratory_Medicine","Economics","Electronics","Energy_and_Power","Finance","Geography","History","Literature","Manage","Marketing","Materials","Math","Mechanical_Engineering","Music","Pharmacy","Physics","Psychology","Public_Health","Sociology","Art & Design","Business","Health & Medicine","Humanities & Social Science","Science","Tech & Engineering"
"dev","0.4266666666666667","0.4","0.0","0.2","0.6","0.8","0.6","0.6","0.2","0.0","0.4","0.4","0.2","0.8","0.6","0.2","0.6","0.2","0.6","0.6","0.4","0.2","0.2","0.2","0.2","0.6","0.6","0.2","1.0","0.4","0.8","0.6","0.48","0.36","0.75","0.28","0.2571428571428571"
"validation","0.39111111111111113","0.3","0.36666666666666664","0.23333333333333334","0.5666666666666667","0.6","0.4666666666666667","0.26666666666666666","0.26666666666666666","0.5","0.3333333333333333","0.6666666666666666","0.3","0.3333333333333333","0.36666666666666664","0.43333333333333335","0.3333333333333333","0.36666666666666664","0.43333333333333335","0.8333333333333334","0.43333333333333335","0.23333333333333334","0.23333333333333334","0.26666666666666666","0.4","0.3","0.4","0.26666666666666666","0.3333333333333333","0.4","0.5","0.5333333333333333","0.32666666666666666","0.41333333333333333","0.525","0.2866666666666667","0.3380952380952381"
