"Task&Skill","tot","prefetch","hit","prefetch_rate","acc"
"Overall","1000","532","383","53.2","38.3"
"scientific reasoning","122","92","65","75.40983606557377","53.278688524590166"
"textbook question answering","158","105","85","66.45569620253164","53.79746835443038"
"numeric commonsense","144","39","24","27.083333333333332","16.666666666666664"
"arithmetic reasoning","353","108","85","30.59490084985836","24.07932011331445"
"visual question answering","179","91","66","50.83798882681564","36.87150837988827"
"geometry reasoning","239","177","135","74.05857740585773","56.48535564853556"
"algebraic reasoning","281","203","154","72.24199288256227","54.804270462633454"
"geometry problem solving","208","167","126","80.28846153846155","60.57692307692307"
"math word problem","186","29","22","15.591397849462366","11.827956989247312"
"logical reasoning","37","24","8","64.86486486486487","21.62162162162162"
"figure question answering","269","140","84","52.04460966542751","31.226765799256505"
"statistical reasoning","301","129","89","42.857142857142854","29.568106312292358"
