"split","Overall","atomStructure","eclipses","faultsEarthquakes","foodChainsWebs","lifeCycles","moonPhaseEquinox","partsOfA","partsOfTheEarth","photosynthesisRespiration","rockCycle","rockStrata","solarSystem","typesOf","volcano","waterCNPCycle"
"none","0.7247409326424871","0.5","0.8064516129032258","0.7857142857142857","0.851118760757315","0.6258992805755396","0.5451263537906137","0.704312114989733","0.6153846153846154","0.620253164556962","0.6119402985074627","0.7317073170731707","0.6944444444444444","0.6618075801749271","0.875","0.5681818181818182"
