"split","Overall","atomStructure","eclipses","faultsEarthquakes","foodChainsWebs","lifeCycles","moonPhaseEquinox","partsOfA","partsOfTheEarth","photosynthesisRespiration","rockCycle","rockStrata","solarSystem","typesOf","volcano","waterCNPCycle"
"none","0.7933937823834197","1.0","0.8064516129032258","0.7142857142857143","0.8683304647160068","0.7601918465227818","0.6750902527075813","0.7823408624229979","0.7692307692307693","0.6962025316455697","0.6716417910447762","0.7560975609756098","0.9166666666666666","0.7580174927113703","1.0","0.5227272727272727"
