"split","Overall","Accounting","Agriculture","Architecture_and_Engineering","Art","Art_Theory","Basic_Medical_Science","Biology","Chemistry","Clinical_Medicine","Computer_Science","Design","Diagnostics_and_Laboratory_Medicine","Economics","Electronics","Energy_and_Power","Finance","Geography","History","Literature","Manage","Marketing","Materials","Math","Mechanical_Engineering","Music","Pharmacy","Physics","Psychology","Public_Health","Sociology","Art & Design","Business","Health & Medicine","Humanities & Social Science","Science","Tech & Engineering"
"validation","0.5766666666666667","0.5666666666666667","0.6","0.43333333333333335","0.8333333333333334","0.8666666666666667","0.6333333333333333","0.4666666666666667","0.3333333333333333","0.5","0.4666666666666667","0.7333333333333333","0.3333333333333333","0.7666666666666667","0.6666666666666666","0.4666666666666667","0.4666666666666667","0.5","0.7666666666666667","0.9","0.5","0.4666666666666667","0.23333333333333334","0.7","0.4666666666666667","0.43333333333333335","0.7666666666666667","0.43333333333333335","0.7333333333333333","0.7333333333333333","0.5333333333333333","0.7166666666666667","0.5533333333333333","0.5933333333333334","0.7333333333333333","0.4866666666666667","0.47619047619047616"
"dev","0.74","0.8","0.8","0.8","0.8","1.0","1.0","1.0","1.0","0.6","0.6","0.8","0.6","0.2","0.6","0.6","0.6","0.4","0.8","1.0","1.0","0.6","0.6","0.8","0.2","1.0","0.8","1.0","1.0","0.6","0.6","0.9","0.64","0.72","0.85","0.84","0.6"
