"Task&Skill","tot","prefetch","hit","prefetch_rate","acc"
"Overall","1000","521","405","52.1","40.5"
"scientific reasoning","122","94","70","77.04918032786885","57.377049180327866"
"textbook question answering","158","105","87","66.45569620253164","55.06329113924051"
"numeric commonsense","144","44","49","30.555555555555557","34.02777777777778"
"arithmetic reasoning","353","116","122","32.86118980169972","34.56090651558073"
"visual question answering","179","97","73","54.18994413407822","40.78212290502793"
"geometry reasoning","239","152","69","63.59832635983263","28.870292887029287"
"algebraic reasoning","281","177","89","62.989323843416365","31.672597864768683"
"geometry problem solving","208","143","54","68.75","25.961538461538463"
"math word problem","186","33","62","17.741935483870968","33.33333333333333"
"logical reasoning","37","21","3","56.75675675675676","8.108108108108109"
"figure question answering","269","143","129","53.159851301115246","47.95539033457249"
"statistical reasoning","301","141","162","46.84385382059801","53.820598006644516"
