"split","Overall","atomStructure","eclipses","faultsEarthquakes","foodChainsWebs","lifeCycles","moonPhaseEquinox","partsOfA","partsOfTheEarth","photosynthesisRespiration","rockCycle","rockStrata","solarSystem","typesOf","volcano","waterCNPCycle"
"none","0.788860103626943","0.625","0.8709677419354839","0.6071428571428571","0.9259896729776248","0.697841726618705","0.6064981949458483","0.7638603696098563","0.7692307692307693","0.7088607594936709","0.6567164179104478","0.7317073170731707","0.8611111111111112","0.7084548104956269","0.75","0.5454545454545454"
