"split","Overall","atomStructure","eclipses","faultsEarthquakes","foodChainsWebs","lifeCycles","moonPhaseEquinox","partsOfA","partsOfTheEarth","photosynthesisRespiration","rockCycle","rockStrata","solarSystem","typesOf","volcano","waterCNPCycle"
"none","0.7461139896373057","0.625","0.7741935483870968","0.6071428571428571","0.8115318416523236","0.7410071942446043","0.6137184115523465","0.7351129363449692","0.7884615384615384","0.759493670886076","0.6716417910447762","0.7073170731707317","0.8611111111111112","0.6763848396501457","0.9375","0.5681818181818182"
