"Task&Skill","tot","prefetch","hit","prefetch_rate","acc"
"Overall","1000","540","633","54.0","63.3"
"scientific reasoning","122","94","77","77.04918032786885","63.114754098360656"
"textbook question answering","158","107","96","67.72151898734177","60.75949367088608"
"numeric commonsense","144","39","70","27.083333333333332","48.61111111111111"
"arithmetic reasoning","353","99","233","28.04532577903683","66.0056657223796"
"visual question answering","179","92","103","51.39664804469274","57.54189944134078"
"geometry reasoning","239","212","146","88.70292887029288","61.08786610878661"
"algebraic reasoning","281","239","161","85.05338078291815","57.29537366548043"
"geometry problem solving","208","203","127","97.59615384615384","61.057692307692314"
"math word problem","186","22","149","11.827956989247312","80.10752688172043"
"logical reasoning","37","24","8","64.86486486486487","21.62162162162162"
"figure question answering","269","116","158","43.12267657992565","58.7360594795539"
"statistical reasoning","301","106","205","35.21594684385382","68.10631229235881"
