"split","Overall","atomStructure","eclipses","faultsEarthquakes","foodChainsWebs","lifeCycles","moonPhaseEquinox","partsOfA","partsOfTheEarth","photosynthesisRespiration","rockCycle","rockStrata","solarSystem","typesOf","volcano","waterCNPCycle"
"none","0.8254533678756477","0.875","0.9354838709677419","0.5714285714285714","0.9345955249569707","0.7817745803357314","0.6570397111913358","0.7905544147843943","0.7884615384615384","0.8354430379746836","0.6567164179104478","0.8048780487804879","0.8888888888888888","0.7696793002915452","0.75","0.5909090909090909"
