"Task&Skill","tot","prefetch","hit","prefetch_rate","acc"
"Overall","1000","586","271","58.599999999999994","27.1"
"scientific reasoning","122","94","39","77.04918032786885","31.967213114754102"
"textbook question answering","158","109","55","68.9873417721519","34.810126582278485"
"numeric commonsense","144","47","30","32.63888888888889","20.833333333333336"
"arithmetic reasoning","353","126","81","35.69405099150141","22.946175637393768"
"visual question answering","179","96","55","53.63128491620112","30.726256983240223"
"geometry reasoning","239","213","65","89.1213389121339","27.19665271966527"
"algebraic reasoning","281","241","79","85.76512455516014","28.11387900355872"
"geometry problem solving","208","203","58","97.59615384615384","27.884615384615387"
"math word problem","186","50","39","26.881720430107524","20.967741935483872"
"logical reasoning","37","24","9","64.86486486486487","24.324324324324326"
"figure question answering","269","128","64","47.58364312267658","23.79182156133829"
"statistical reasoning","301","120","68","39.8671096345515","22.591362126245848"
