"split","Overall","atomStructure","eclipses","faultsEarthquakes","foodChainsWebs","lifeCycles","moonPhaseEquinox","partsOfA","partsOfTheEarth","photosynthesisRespiration","rockCycle","rockStrata","solarSystem","typesOf","volcano","waterCNPCycle"
"none","0.5799870466321243","0.75","0.7419354838709677","0.4642857142857143","0.6428571428571429","0.5251798561151079","0.4657039711191336","0.5934291581108829","0.6538461538461539","0.5569620253164557","0.44776119402985076","0.5365853658536586","0.75","0.5131195335276968","0.6875","0.4772727272727273"
