"split","Overall","Accounting","Agriculture","Architecture_and_Engineering","Art","Art_Theory","Basic_Medical_Science","Biology","Chemistry","Clinical_Medicine","Computer_Science","Design","Diagnostics_and_Laboratory_Medicine","Economics","Electronics","Energy_and_Power","Finance","Geography","History","Literature","Manage","Marketing","Materials","Math","Mechanical_Engineering","Music","Pharmacy","Physics","Psychology","Public_Health","Sociology","Art & Design","Business","Health & Medicine","Humanities & Social Science","Science","Tech & Engineering"
"validation","0.3811111111111111","0.3333333333333333","0.43333333333333335","0.3333333333333333","0.6666666666666666","0.43333333333333335","0.43333333333333335","0.26666666666666666","0.3","0.5","0.3","0.6","0.36666666666666664","0.3333333333333333","0.5","0.3","0.2","0.23333333333333334","0.43333333333333335","0.8","0.36666666666666664","0.3","0.36666666666666664","0.26666666666666666","0.3333333333333333","0.3333333333333333","0.43333333333333335","0.3","0.3333333333333333","0.23333333333333334","0.4","0.5083333333333333","0.30666666666666664","0.3933333333333333","0.49166666666666664","0.2733333333333333","0.36666666666666664"
"dev","0.30666666666666664","0.6","0.2","0.0","0.4","0.8","0.6","0.4","0.2","0.2","0.0","0.4","0.2","0.2","0.2","0.4","0.0","0.2","0.6","0.4","0.2","0.0","0.0","0.2","0.0","0.2","0.6","0.2","1.0","0.0","0.8","0.45","0.2","0.32","0.7","0.24","0.11428571428571428"
