"split","Overall","atomStructure","eclipses","faultsEarthquakes","foodChainsWebs","lifeCycles","moonPhaseEquinox","partsOfA","partsOfTheEarth","photosynthesisRespiration","rockCycle","rockStrata","solarSystem","typesOf","volcano","waterCNPCycle"
"none","0.5799870466321243","0.375","0.6774193548387096","0.5357142857142857","0.6566265060240963","0.49160671462829736","0.45126353790613716","0.6078028747433265","0.6538461538461539","0.5316455696202531","0.44776119402985076","0.6585365853658537","0.6388888888888888","0.521865889212828","0.5625","0.4318181818181818"
