"split","Overall","atomStructure","eclipses","faultsEarthquakes","foodChainsWebs","lifeCycles","moonPhaseEquinox","partsOfA","partsOfTheEarth","photosynthesisRespiration","rockCycle","rockStrata","solarSystem","typesOf","volcano","waterCNPCycle"
"none","0.6703367875647669","0.5","0.7741935483870968","0.5714285714285714","0.7969018932874354","0.565947242206235","0.49097472924187724","0.6673511293634496","0.6730769230769231","0.620253164556962","0.5671641791044776","0.5853658536585366","0.7222222222222222","0.577259475218659","0.75","0.4772727272727273"
