"Task&Skill","tot","prefetch","hit","prefetch_rate","acc"
"Overall","1000","510","325","51.0","32.5"
"scientific reasoning","122","91","60","74.59016393442623","49.18032786885246"
"textbook question answering","158","103","66","65.18987341772153","41.77215189873418"
"numeric commonsense","144","44","28","30.555555555555557","19.444444444444446"
"arithmetic reasoning","353","107","90","30.31161473087819","25.495750708215297"
"visual question answering","179","99","56","55.3072625698324","31.28491620111732"
"geometry reasoning","239","147","66","61.50627615062761","27.615062761506277"
"algebraic reasoning","281","174","76","61.92170818505338","27.046263345195733"
"geometry problem solving","208","138","57","66.34615384615384","27.403846153846157"
"math word problem","186","22","34","11.827956989247312","18.27956989247312"
"logical reasoning","37","24","8","64.86486486486487","21.62162162162162"
"figure question answering","269","148","112","55.01858736059479","41.63568773234201"
"statistical reasoning","301","140","126","46.51162790697674","41.86046511627907"
