"split","Overall","atomStructure","eclipses","faultsEarthquakes","foodChainsWebs","lifeCycles","moonPhaseEquinox","partsOfA","partsOfTheEarth","photosynthesisRespiration","rockCycle","rockStrata","solarSystem","typesOf","volcano","waterCNPCycle"
"none","0.7493523316062176","0.625","0.8387096774193549","0.6785714285714286","0.8218588640275387","0.7290167865707434","0.6353790613718412","0.7392197125256673","0.75","0.7974683544303798","0.5074626865671642","0.6585365853658537","0.8333333333333334","0.685131195335277","0.8125","0.6363636363636364"
