"split","Overall","atomStructure","eclipses","faultsEarthquakes","foodChainsWebs","lifeCycles","moonPhaseEquinox","partsOfA","partsOfTheEarth","photosynthesisRespiration","rockCycle","rockStrata","solarSystem","typesOf","volcano","waterCNPCycle"
"none","0.6988341968911918","0.625","0.7096774193548387","0.6071428571428571","0.8003442340791739","0.6306954436450839","0.5415162454873647","0.704312114989733","0.6730769230769231","0.620253164556962","0.5522388059701493","0.6585365853658537","0.7777777777777778","0.6268221574344023","0.875","0.5227272727272727"
