"split","Overall","Accounting","Agriculture","Architecture_and_Engineering","Art","Art_Theory","Basic_Medical_Science","Biology","Chemistry","Clinical_Medicine","Computer_Science","Design","Diagnostics_and_Laboratory_Medicine","Economics","Electronics","Energy_and_Power","Finance","Geography","History","Literature","Manage","Marketing","Materials","Math","Mechanical_Engineering","Music","Pharmacy","Physics","Psychology","Public_Health","Sociology","Art & Design","Business","Health & Medicine","Humanities & Social Science","Science","Tech & Engineering"
"dev","0.5733333333333334","0.4","0.4","0.4","1.0","0.8","0.8","0.8","0.4","0.0","0.6","0.6","0.4","0.6","0.4","0.6","0.4","0.0","1.0","0.8","0.4","0.6","0.6","0.6","0.4","0.6","0.8","0.8","0.8","0.4","0.8","0.75","0.48","0.48","0.85","0.52","0.4857142857142857"
"validation","0.6133333333333333","0.43333333333333335","0.6333333333333333","0.43333333333333335","0.7","0.8333333333333334","0.7","0.43333333333333335","0.43333333333333335","0.6333333333333333","0.6666666666666666","0.7666666666666667","0.43333333333333335","0.7666666666666667","0.6333333333333333","0.5666666666666667","0.4666666666666667","0.6666666666666666","0.8","0.8666666666666667","0.6","0.6666666666666666","0.5333333333333333","0.5","0.4666666666666667","0.2","0.6","0.6333333333333333","0.7","0.8333333333333334","0.8","0.625","0.5866666666666667","0.64","0.7916666666666666","0.5333333333333333","0.5619047619047619"
