"Task&Skill","tot","prefetch","hit","prefetch_rate","acc"
"Overall","1000","540","435","54.0","43.5"
"scientific reasoning","122","94","79","77.04918032786885","64.75409836065575"
"textbook question answering","158","107","93","67.72151898734177","58.86075949367089"
"numeric commonsense","144","39","36","27.083333333333332","25.0"
"arithmetic reasoning","353","99","88","28.04532577903683","24.929178470254957"
"visual question answering","179","92","84","51.39664804469274","46.927374301675975"
"geometry reasoning","239","212","169","88.70292887029288","70.7112970711297"
"algebraic reasoning","281","239","194","85.05338078291815","69.03914590747331"
"geometry problem solving","208","203","163","97.59615384615384","78.36538461538461"
"math word problem","186","22","20","11.827956989247312","10.75268817204301"
"logical reasoning","37","24","6","64.86486486486487","16.216216216216218"
"figure question answering","269","116","75","43.12267657992565","27.881040892193308"
"statistical reasoning","301","106","82","35.21594684385382","27.242524916943523"
