"split","Overall","atomStructure","eclipses","faultsEarthquakes","foodChainsWebs","lifeCycles","moonPhaseEquinox","partsOfA","partsOfTheEarth","photosynthesisRespiration","rockCycle","rockStrata","solarSystem","typesOf","volcano","waterCNPCycle"
"none","0.8730569948186528","0.875","0.967741935483871","0.8214285714285714","0.959552495697074","0.8561151079136691","0.7328519855595668","0.8316221765913757","0.8076923076923077","0.8987341772151899","0.7164179104477612","0.8292682926829268","0.9166666666666666","0.8221574344023324","0.9375","0.7045454545454546"
