"split","Overall","atomStructure","eclipses","faultsEarthquakes","foodChainsWebs","lifeCycles","moonPhaseEquinox","partsOfA","partsOfTheEarth","photosynthesisRespiration","rockCycle","rockStrata","solarSystem","typesOf","volcano","waterCNPCycle"
"none","0.3170336787564767","0.25","0.3548387096774194","0.35714285714285715","0.32013769363166955","0.2949640287769784","0.3104693140794224","0.32238193018480493","0.15384615384615385","0.3670886075949367","0.3283582089552239","0.24390243902439024","0.3333333333333333","0.33527696793002915","0.3125","0.38636363636363635"
