"split","Overall","Accounting","Agriculture","Architecture_and_Engineering","Art","Art_Theory","Basic_Medical_Science","Biology","Chemistry","Clinical_Medicine","Computer_Science","Design","Diagnostics_and_Laboratory_Medicine","Economics","Electronics","Energy_and_Power","Finance","Geography","History","Literature","Manage","Marketing","Materials","Math","Mechanical_Engineering","Music","Pharmacy","Physics","Psychology","Public_Health","Sociology","Art & Design","Business","Health & Medicine","Humanities & Social Science","Science","Tech & Engineering"
"validation","0.29444444444444445","0.43333333333333335","0.16666666666666666","0.3","0.3333333333333333","0.16666666666666666","0.3333333333333333","0.3333333333333333","0.3","0.16666666666666666","0.23333333333333334","0.43333333333333335","0.3","0.4","0.3333333333333333","0.4","0.3333333333333333","0.2","0.3333333333333333","0.43333333333333335","0.2","0.16666666666666666","0.26666666666666666","0.36666666666666664","0.2","0.2","0.23333333333333334","0.3333333333333333","0.26666666666666666","0.4","0.26666666666666666","0.2833333333333333","0.30666666666666664","0.2866666666666667","0.325","0.30666666666666664","0.2714285714285714"
"dev","0.23333333333333334","0.2","0.0","0.2","0.4","0.4","0.2","0.2","0.0","0.2","0.2","0.4","0.0","0.6","0.2","0.2","0.4","0.2","0.2","0.2","0.0","0.8","0.0","0.4","0.2","0.2","0.2","0.4","0.0","0.0","0.4","0.35","0.4","0.12","0.2","0.24","0.14285714285714285"
