"split","Overall","atomStructure","eclipses","faultsEarthquakes","foodChainsWebs","lifeCycles","moonPhaseEquinox","partsOfA","partsOfTheEarth","photosynthesisRespiration","rockCycle","rockStrata","solarSystem","typesOf","volcano","waterCNPCycle"
"none","0.7215025906735751","0.875","0.8387096774193549","0.6071428571428571","0.8037865748709122","0.645083932853717","0.5703971119133574","0.7371663244353183","0.7115384615384616","0.7088607594936709","0.6716417910447762","0.6585365853658537","0.8611111111111112","0.6501457725947521","0.875","0.5681818181818182"
