"Task&Skill","tot","prefetch","hit","prefetch_rate","acc"
"Overall","1000","447","527","44.7","52.7"
"scientific reasoning","122","93","63","76.22950819672131","51.63934426229508"
"textbook question answering","158","102","81","64.55696202531645","51.26582278481012"
"numeric commonsense","144","44","56","30.555555555555557","38.88888888888889"
"arithmetic reasoning","353","135","170","38.243626062322946","48.1586402266289"
"visual question answering","179","98","71","54.7486033519553","39.66480446927375"
"geometry reasoning","239","43","128","17.99163179916318","53.55648535564853"
"algebraic reasoning","281","67","144","23.843416370106763","51.245551601423486"
"geometry problem solving","208","33","113","15.865384615384615","54.32692307692307"
"math word problem","186","51","118","27.419354838709676","63.44086021505376"
"logical reasoning","37","18","8","48.64864864864865","21.62162162162162"
"figure question answering","269","163","144","60.594795539033456","53.53159851301115"
"statistical reasoning","301","160","188","53.156146179402","62.45847176079734"
