"split","Overall","atomStructure","eclipses","faultsEarthquakes","foodChainsWebs","lifeCycles","moonPhaseEquinox","partsOfA","partsOfTheEarth","photosynthesisRespiration","rockCycle","rockStrata","solarSystem","typesOf","volcano","waterCNPCycle"
"none","0.8458549222797928","0.75","0.9354838709677419","0.75","0.9337349397590361","0.8345323741007195","0.7148014440433214","0.7926078028747433","0.8076923076923077","0.8354430379746836","0.7611940298507462","0.7560975609756098","0.9722222222222222","0.7784256559766763","1.0","0.7045454545454546"
