"Task&Skill","tot","prefetch","hit","prefetch_rate","acc"
"Overall","1000","407","289","40.699999999999996","28.9"
"scientific reasoning","122","80","48","65.57377049180327","39.34426229508197"
"textbook question answering","158","96","58","60.75949367088608","36.708860759493675"
"numeric commonsense","144","39","34","27.083333333333332","23.61111111111111"
"arithmetic reasoning","353","98","92","27.762039660056658","26.062322946175637"
"visual question answering","179","92","61","51.39664804469274","34.07821229050279"
"geometry reasoning","239","96","73","40.1673640167364","30.543933054393307"
"algebraic reasoning","281","122","82","43.41637010676156","29.181494661921707"
"geometry problem solving","208","88","65","42.30769230769231","31.25"
"math word problem","186","21","41","11.29032258064516","22.043010752688172"
"logical reasoning","37","24","7","64.86486486486487","18.91891891891892"
"figure question answering","269","110","64","40.89219330855018","23.79182156133829"
"statistical reasoning","301","99","69","32.89036544850498","22.92358803986711"
