"split","Overall","atomStructure","eclipses","faultsEarthquakes","foodChainsWebs","lifeCycles","moonPhaseEquinox","partsOfA","partsOfTheEarth","photosynthesisRespiration","rockCycle","rockStrata","solarSystem","typesOf","volcano","waterCNPCycle"
"none","0.5456606217616581","0.25","0.6774193548387096","0.6071428571428571","0.621342512908778","0.45323741007194246","0.4296028880866426","0.5975359342915811","0.5192307692307693","0.4936708860759494","0.43283582089552236","0.4634146341463415","0.7222222222222222","0.46938775510204084","0.375","0.38636363636363635"
