"Category","tot","acc"
"rec","187","0.10695187165775401"
"ocr","108","0.1851851851851852"
"know","84","0.0"
"gen","80","0.0"
"spat","75","0.0"
"math","26","0.0"
"Overall","218","0.09174311926605505"
