"Task&Skill","tot","prefetch","hit","prefetch_rate","acc"
"Overall","1000","555","624","55.50000000000001","62.4"
"scientific reasoning","122","92","76","75.40983606557377","62.295081967213115"
"textbook question answering","158","104","97","65.82278481012658","61.39240506329114"
"numeric commonsense","144","40","55","27.77777777777778","38.19444444444444"
"arithmetic reasoning","353","144","213","40.79320113314447","60.3399433427762"
"visual question answering","179","93","93","51.955307262569825","51.955307262569825"
"geometry reasoning","239","173","159","72.38493723849372","66.52719665271967"
"algebraic reasoning","281","198","178","70.46263345195729","63.345195729537366"
"geometry problem solving","208","163","141","78.36538461538461","67.78846153846155"
"math word problem","186","64","133","34.40860215053764","71.50537634408603"
"logical reasoning","37","24","5","64.86486486486487","13.513513513513514"
"figure question answering","269","131","160","48.698884758364315","59.479553903345725"
"statistical reasoning","301","121","214","40.19933554817276","71.09634551495017"
