"split","Overall","atomStructure","eclipses","faultsEarthquakes","foodChainsWebs","lifeCycles","moonPhaseEquinox","partsOfA","partsOfTheEarth","photosynthesisRespiration","rockCycle","rockStrata","solarSystem","typesOf","volcano","waterCNPCycle"
"none","0.8270725388601037","0.875","1.0","0.75","0.9165232358003442","0.8105515587529976","0.7148014440433214","0.7802874743326489","0.7692307692307693","0.8354430379746836","0.7014925373134329","0.7560975609756098","0.8055555555555556","0.749271137026239","0.875","0.6818181818181818"
