"split","Overall","atomStructure","eclipses","faultsEarthquakes","foodChainsWebs","lifeCycles","moonPhaseEquinox","partsOfA","partsOfTheEarth","photosynthesisRespiration","rockCycle","rockStrata","solarSystem","typesOf","volcano","waterCNPCycle"
"none","0.7827072538860104","0.75","0.8709677419354839","0.6428571428571429","0.923407917383821","0.6762589928057554","0.6101083032490975","0.7453798767967146","0.7115384615384616","0.7721518987341772","0.5970149253731343","0.7317073170731707","0.8055555555555556","0.6997084548104956","0.75","0.6818181818181818"
