"Task&Skill","tot","prefetch","hit","prefetch_rate","acc"
"Overall","1000","588","353","58.8","35.3"
"scientific reasoning","122","94","62","77.04918032786885","50.81967213114754"
"textbook question answering","158","107","70","67.72151898734177","44.303797468354425"
"numeric commonsense","144","46","35","31.944444444444443","24.305555555555554"
"arithmetic reasoning","353","113","120","32.01133144475921","33.994334277620396"
"visual question answering","179","98","70","54.7486033519553","39.10614525139665"
"geometry reasoning","239","212","66","88.70292887029288","27.615062761506277"
"algebraic reasoning","281","239","70","85.05338078291815","24.91103202846975"
"geometry problem solving","208","203","54","97.59615384615384","25.961538461538463"
"math word problem","186","28","49","15.053763440860216","26.344086021505376"
"logical reasoning","37","25","7","67.56756756756756","18.91891891891892"
"figure question answering","269","152","110","56.50557620817844","40.89219330855018"
"statistical reasoning","301","142","122","47.176079734219265","40.53156146179402"
