"split","Overall","atomStructure","eclipses","faultsEarthquakes","foodChainsWebs","lifeCycles","moonPhaseEquinox","partsOfA","partsOfTheEarth","photosynthesisRespiration","rockCycle","rockStrata","solarSystem","typesOf","volcano","waterCNPCycle"
"none","0.7289507772020726","0.75","0.7096774193548387","0.6428571428571429","0.8313253012048193","0.6810551558752997","0.5812274368231047","0.731006160164271","0.75","0.6962025316455697","0.6119402985074627","0.6585365853658537","0.7222222222222222","0.6064139941690962","1.0","0.5909090909090909"
