"split","Overall","atomStructure","eclipses","faultsEarthquakes","foodChainsWebs","lifeCycles","moonPhaseEquinox","partsOfA","partsOfTheEarth","photosynthesisRespiration","rockCycle","rockStrata","solarSystem","typesOf","volcano","waterCNPCycle"
"none","0.6606217616580311","0.625","0.6451612903225806","0.6071428571428571","0.8201376936316696","0.5419664268585132","0.5090252707581228","0.6406570841889117","0.6153846153846154","0.45569620253164556","0.5223880597014925","0.4878048780487805","0.75","0.5510204081632653","0.5","0.4318181818181818"
