"split","Overall","atomStructure","eclipses","faultsEarthquakes","foodChainsWebs","lifeCycles","moonPhaseEquinox","partsOfA","partsOfTheEarth","photosynthesisRespiration","rockCycle","rockStrata","solarSystem","typesOf","volcano","waterCNPCycle"
"none","0.814119170984456","0.75","0.9032258064516129","0.75","0.8924268502581756","0.8249400479616307","0.7148014440433214","0.75564681724846","0.7307692307692307","0.8481012658227848","0.6865671641791045","0.7317073170731707","0.8888888888888888","0.7521865889212828","0.875","0.6136363636363636"
