"split","Overall","atomStructure","eclipses","faultsEarthquakes","foodChainsWebs","lifeCycles","moonPhaseEquinox","partsOfA","partsOfTheEarth","photosynthesisRespiration","rockCycle","rockStrata","solarSystem","typesOf","volcano","waterCNPCycle"
"none","0.5019430051813472","0.625","0.5483870967741935","0.39285714285714285","0.6437177280550774","0.33093525179856115","0.36101083032490977","0.5256673511293635","0.5192307692307693","0.34177215189873417","0.3582089552238806","0.3902439024390244","0.6666666666666666","0.3965014577259475","0.5","0.29545454545454547"
