"split","Overall","Accounting","Agriculture","Architecture_and_Engineering","Art","Art_Theory","Basic_Medical_Science","Biology","Chemistry","Clinical_Medicine","Computer_Science","Design","Diagnostics_and_Laboratory_Medicine","Economics","Electronics","Energy_and_Power","Finance","Geography","History","Literature","Manage","Marketing","Materials","Math","Mechanical_Engineering","Music","Pharmacy","Physics","Psychology","Public_Health","Sociology","Art & Design","Business","Health & Medicine","Humanities & Social Science","Science","Tech & Engineering"
"dev","0.34","0.4","0.0","0.0","0.2","0.0","0.6","0.6","0.2","0.4","0.2","0.6","0.4","0.6","0.4","0.2","0.0","0.2","0.4","0.8","0.2","0.4","0.2","0.4","0.8","0.2","0.6","0.4","0.2","0.0","0.6","0.25","0.32","0.4","0.5","0.36","0.2571428571428571"
"validation","0.35888888888888887","0.3333333333333333","0.36666666666666664","0.26666666666666666","0.4","0.4","0.4666666666666667","0.3333333333333333","0.23333333333333334","0.4","0.3333333333333333","0.43333333333333335","0.36666666666666664","0.36666666666666664","0.6333333333333333","0.2","0.4","0.2","0.43333333333333335","0.7333333333333333","0.43333333333333335","0.3333333333333333","0.3","0.4","0.13333333333333333","0.3","0.23333333333333334","0.16666666666666666","0.3333333333333333","0.36666666666666664","0.4666666666666667","0.38333333333333336","0.37333333333333335","0.36666666666666664","0.49166666666666664","0.26666666666666666","0.319047619047619"
