"split","Overall","atomStructure","eclipses","faultsEarthquakes","foodChainsWebs","lifeCycles","moonPhaseEquinox","partsOfA","partsOfTheEarth","photosynthesisRespiration","rockCycle","rockStrata","solarSystem","typesOf","volcano","waterCNPCycle"
"none","0.748380829015544","0.75","0.8709677419354839","0.6785714285714286","0.8330464716006885","0.7194244604316546","0.6245487364620939","0.7166324435318275","0.7115384615384616","0.7721518987341772","0.6716417910447762","0.6829268292682927","0.75","0.6822157434402333","0.8125","0.5454545454545454"
