"split","Overall","atomStructure","eclipses","faultsEarthquakes","foodChainsWebs","lifeCycles","moonPhaseEquinox","partsOfA","partsOfTheEarth","photosynthesisRespiration","rockCycle","rockStrata","solarSystem","typesOf","volcano","waterCNPCycle"
"none","0.8756476683937824","0.875","0.967741935483871","0.7857142857142857","0.9457831325301205","0.8633093525179856","0.7689530685920578","0.8357289527720739","0.8076923076923077","0.8481012658227848","0.7611940298507462","0.8292682926829268","0.9166666666666666","0.8542274052478134","0.9375","0.7045454545454546"
