"split","Overall","atomStructure","eclipses","faultsEarthquakes","foodChainsWebs","lifeCycles","moonPhaseEquinox","partsOfA","partsOfTheEarth","photosynthesisRespiration","rockCycle","rockStrata","solarSystem","typesOf","volcano","waterCNPCycle"
"none","0.7001295336787565","0.625","0.8709677419354839","0.6428571428571429","0.8313253012048193","0.5827338129496403","0.49097472924187724","0.7248459958932238","0.6346153846153846","0.6835443037974683","0.5373134328358209","0.5609756097560976","0.75","0.597667638483965","0.75","0.5454545454545454"
