"split","Overall","atomStructure","eclipses","faultsEarthquakes","foodChainsWebs","lifeCycles","moonPhaseEquinox","partsOfA","partsOfTheEarth","photosynthesisRespiration","rockCycle","rockStrata","solarSystem","typesOf","volcano","waterCNPCycle"
"none","0.7419041450777202","0.625","0.8709677419354839","0.6428571428571429","0.8235800344234079","0.7122302158273381","0.5956678700361011","0.7453798767967146","0.7307692307692307","0.7468354430379747","0.6119402985074627","0.6097560975609756","0.8333333333333334","0.6530612244897959","0.875","0.6363636363636364"
