"split","Overall","atomStructure","eclipses","faultsEarthquakes","foodChainsWebs","lifeCycles","moonPhaseEquinox","partsOfA","partsOfTheEarth","photosynthesisRespiration","rockCycle","rockStrata","solarSystem","typesOf","volcano","waterCNPCycle"
"none","0.6330958549222798","0.5","0.7096774193548387","0.5714285714285714","0.7185886402753873","0.5539568345323741","0.48736462093862815","0.62217659137577","0.6346153846153846","0.6582278481012658","0.5223880597014925","0.5365853658536586","0.8055555555555556","0.60932944606414","0.5625","0.45454545454545453"
