"split","Overall","atomStructure","eclipses","faultsEarthquakes","foodChainsWebs","lifeCycles","moonPhaseEquinox","partsOfA","partsOfTheEarth","photosynthesisRespiration","rockCycle","rockStrata","solarSystem","typesOf","volcano","waterCNPCycle"
"none","0.8125","0.75","0.8064516129032258","0.6428571428571429","0.9199655765920827","0.7577937649880095","0.6462093862815884","0.8049281314168378","0.7884615384615384","0.6835443037974683","0.6567164179104478","0.7560975609756098","0.8888888888888888","0.7638483965014577","1.0","0.5454545454545454"
