"Task&Skill","tot","prefetch","hit","prefetch_rate","acc"
"Overall","1000","492","629","49.2","62.9"
"scientific reasoning","122","89","87","72.95081967213115","71.31147540983606"
"textbook question answering","158","102","119","64.55696202531645","75.31645569620254"
"numeric commonsense","144","39","62","27.083333333333332","43.05555555555556"
"arithmetic reasoning","353","98","201","27.762039660056658","56.94050991501416"
"visual question answering","179","92","87","51.39664804469274","48.60335195530726"
"geometry reasoning","239","169","159","70.7112970711297","66.52719665271967"
"algebraic reasoning","281","197","194","70.1067615658363","69.03914590747331"
"geometry problem solving","208","160","139","76.92307692307693","66.82692307692307"
"math word problem","186","22","126","11.827956989247312","67.74193548387096"
"logical reasoning","37","22","12","59.45945945945946","32.432432432432435"
"figure question answering","269","116","158","43.12267657992565","58.7360594795539"
"statistical reasoning","301","108","207","35.880398671096344","68.77076411960132"
