"split","Overall","atomStructure","eclipses","faultsEarthquakes","foodChainsWebs","lifeCycles","moonPhaseEquinox","partsOfA","partsOfTheEarth","photosynthesisRespiration","rockCycle","rockStrata","solarSystem","typesOf","volcano","waterCNPCycle"
"none","0.6512305699481865","0.625","0.7419354838709677","0.5","0.846815834767642","0.47961630695443647","0.4693140794223827","0.6057494866529775","0.5961538461538461","0.5189873417721519","0.47761194029850745","0.43902439024390244","0.6944444444444444","0.5393586005830904","0.625","0.4090909090909091"
