"Task&Skill","tot","prefetch","hit","prefetch_rate","acc"
"Overall","1000","422","350","42.199999999999996","35.0"
"scientific reasoning","122","79","64","64.75409836065575","52.459016393442624"
"textbook question answering","158","88","76","55.69620253164557","48.10126582278481"
"numeric commonsense","144","23","18","15.972222222222221","12.5"
"arithmetic reasoning","353","92","76","26.062322946175637","21.529745042492916"
"visual question answering","179","84","68","46.927374301675975","37.988826815642454"
"geometry reasoning","239","146","121","61.08786610878661","50.627615062761514"
"algebraic reasoning","281","170","142","60.4982206405694","50.5338078291815"
"geometry problem solving","208","139","115","66.82692307692307","55.28846153846154"
"math word problem","186","12","10","6.451612903225806","5.376344086021505"
"logical reasoning","37","7","2","18.91891891891892","5.405405405405405"
"figure question answering","269","99","81","36.80297397769517","30.111524163568777"
"statistical reasoning","301","103","90","34.21926910299003","29.900332225913623"
