"split","Overall","atomStructure","eclipses","faultsEarthquakes","foodChainsWebs","lifeCycles","moonPhaseEquinox","partsOfA","partsOfTheEarth","photosynthesisRespiration","rockCycle","rockStrata","solarSystem","typesOf","volcano","waterCNPCycle"
"none","0.8335492227979274","0.875","0.9354838709677419","0.6785714285714286","0.919104991394148","0.815347721822542","0.7256317689530686","0.7946611909650924","0.8461538461538461","0.8227848101265823","0.6716417910447762","0.7317073170731707","0.8888888888888888","0.7638483965014577","0.75","0.75"
