"split","Overall","atomStructure","eclipses","faultsEarthquakes","foodChainsWebs","lifeCycles","moonPhaseEquinox","partsOfA","partsOfTheEarth","photosynthesisRespiration","rockCycle","rockStrata","solarSystem","typesOf","volcano","waterCNPCycle"
"none","0.6693652849740933","0.625","0.7741935483870968","0.5","0.7538726333907056","0.6163069544364509","0.5379061371841155","0.6919917864476386","0.6538461538461539","0.5063291139240507","0.5671641791044776","0.5853658536585366","0.75","0.597667638483965","0.8125","0.5454545454545454"
