"split","Overall","atomStructure","eclipses","faultsEarthquakes","foodChainsWebs","lifeCycles","moonPhaseEquinox","partsOfA","partsOfTheEarth","photosynthesisRespiration","rockCycle","rockStrata","solarSystem","typesOf","volcano","waterCNPCycle"
"none","0.6272668393782384","0.125","0.6774193548387096","0.6071428571428571","0.7667814113597247","0.47002398081534774","0.45126353790613716","0.6427104722792608","0.7307692307692307","0.5569620253164557","0.5223880597014925","0.4878048780487805","0.7777777777777778","0.5276967930029155","0.375","0.4772727272727273"
