"split","Overall","atomStructure","eclipses","faultsEarthquakes","foodChainsWebs","lifeCycles","moonPhaseEquinox","partsOfA","partsOfTheEarth","photosynthesisRespiration","rockCycle","rockStrata","solarSystem","typesOf","volcano","waterCNPCycle"
"none","0.8128238341968912","0.875","0.8709677419354839","0.6428571428571429","0.923407917383821","0.7673860911270983","0.6714801444043321","0.7679671457905544","0.7884615384615384","0.7974683544303798","0.7014925373134329","0.7073170731707317","0.9166666666666666","0.7346938775510204","0.75","0.6363636363636364"
