"Task&Skill","tot","prefetch","hit","prefetch_rate","acc"
"Overall","1000","497","578","49.7","57.8"
"scientific reasoning","122","86","71","70.49180327868852","58.19672131147541"
"textbook question answering","158","98","94","62.0253164556962","59.49367088607595"
"numeric commonsense","144","55","58","38.19444444444444","40.27777777777778"
"arithmetic reasoning","353","96","191","27.19546742209632","54.107648725212464"
"visual question answering","179","90","77","50.27932960893855","43.01675977653631"
"geometry reasoning","239","165","124","69.0376569037657","51.88284518828452"
"algebraic reasoning","281","192","144","68.32740213523132","51.245551601423486"
"geometry problem solving","208","157","105","75.48076923076923","50.480769230769226"
"math word problem","186","39","135","20.967741935483872","72.58064516129032"
"logical reasoning","37","9","4","24.324324324324326","10.81081081081081"
"figure question answering","269","113","167","42.00743494423792","62.0817843866171"
"statistical reasoning","301","118","221","39.202657807308974","73.421926910299"
