"split","Overall","atomStructure","eclipses","faultsEarthquakes","foodChainsWebs","lifeCycles","moonPhaseEquinox","partsOfA","partsOfTheEarth","photosynthesisRespiration","rockCycle","rockStrata","solarSystem","typesOf","volcano","waterCNPCycle"
"none","0.3856865284974093","0.25","0.3548387096774194","0.35714285714285715","0.4018932874354561","0.34292565947242204","0.37545126353790614","0.45585215605749485","0.36538461538461536","0.3670886075949367","0.3582089552238806","0.34146341463414637","0.2777777777777778","0.33527696793002915","0.375","0.3409090909090909"
