"Task&Skill","tot","prefetch","hit","prefetch_rate","acc"
"Overall","1000","573","247","57.3","24.7"
"scientific reasoning","122","94","40","77.04918032786885","32.78688524590164"
"textbook question answering","158","108","52","68.35443037974683","32.91139240506329"
"numeric commonsense","144","45","29","31.25","20.13888888888889"
"arithmetic reasoning","353","122","92","34.56090651558073","26.062322946175637"
"visual question answering","179","98","62","54.7486033519553","34.63687150837989"
"geometry reasoning","239","211","41","88.28451882845188","17.154811715481173"
"algebraic reasoning","281","239","54","85.05338078291815","19.217081850533805"
"geometry problem solving","208","202","34","97.11538461538461","16.346153846153847"
"math word problem","186","40","34","21.50537634408602","18.27956989247312"
"logical reasoning","37","24","5","64.86486486486487","13.513513513513514"
"figure question answering","269","125","65","46.468401486988846","24.1635687732342"
"statistical reasoning","301","120","74","39.8671096345515","24.58471760797342"
