"split","Overall","atomStructure","eclipses","faultsEarthquakes","foodChainsWebs","lifeCycles","moonPhaseEquinox","partsOfA","partsOfTheEarth","photosynthesisRespiration","rockCycle","rockStrata","solarSystem","typesOf","volcano","waterCNPCycle"
"none","0.49125647668393785","0.375","0.41935483870967744","0.5","0.5550774526678142","0.41247002398081534","0.4151624548736462","0.5071868583162218","0.5961538461538461","0.4810126582278481","0.4626865671641791","0.34146341463414637","0.3888888888888889","0.4518950437317784","0.5","0.38636363636363635"
