"split","Overall","atomStructure","eclipses","faultsEarthquakes","foodChainsWebs","lifeCycles","moonPhaseEquinox","partsOfA","partsOfTheEarth","photosynthesisRespiration","rockCycle","rockStrata","solarSystem","typesOf","volcano","waterCNPCycle"
"none","0.8785621761658031","1.0","0.967741935483871","0.8571428571428571","0.9509466437177281","0.8657074340527577","0.7581227436823105","0.8357289527720739","0.8653846153846154","0.8860759493670886","0.746268656716418","0.8780487804878049","0.9444444444444444","0.8367346938775511","0.9375","0.7045454545454546"
