"split","Overall","atomStructure","eclipses","faultsEarthquakes","foodChainsWebs","lifeCycles","moonPhaseEquinox","partsOfA","partsOfTheEarth","photosynthesisRespiration","rockCycle","rockStrata","solarSystem","typesOf","volcano","waterCNPCycle"
"none","0.6360103626943006","0.75","0.6129032258064516","0.6071428571428571","0.6919104991394148","0.5875299760191847","0.4981949458483754","0.6919917864476386","0.6923076923076923","0.569620253164557","0.5223880597014925","0.6585365853658537","0.7222222222222222","0.5714285714285714","0.6875","0.5"
