"split","Overall","atomStructure","eclipses","faultsEarthquakes","foodChainsWebs","lifeCycles","moonPhaseEquinox","partsOfA","partsOfTheEarth","photosynthesisRespiration","rockCycle","rockStrata","solarSystem","typesOf","volcano","waterCNPCycle"
"none","0.6700129533678757","0.375","0.7419354838709677","0.6071428571428571","0.7917383820998278","0.5851318944844125","0.5234657039711191","0.6858316221765913","0.7307692307692307","0.5949367088607594","0.5223880597014925","0.4634146341463415","0.8333333333333334","0.5451895043731778","0.625","0.38636363636363635"
