"Task&Skill","tot","prefetch","hit","prefetch_rate","acc"
"Overall","1000","448","374","44.800000000000004","37.4"
"scientific reasoning","122","84","55","68.85245901639344","45.08196721311475"
"textbook question answering","158","97","71","61.39240506329114","44.936708860759495"
"numeric commonsense","144","34","27","23.61111111111111","18.75"
"arithmetic reasoning","353","101","121","28.611898016997166","34.27762039660057"
"visual question answering","179","92","64","51.39664804469274","35.754189944134076"
"geometry reasoning","239","144","70","60.25104602510461","29.288702928870293"
"algebraic reasoning","281","170","86","60.4982206405694","30.604982206405694"
"geometry problem solving","208","135","60","64.90384615384616","28.846153846153843"
"math word problem","186","19","55","10.21505376344086","29.56989247311828"
"logical reasoning","37","14","2","37.83783783783784","5.405405405405405"
"figure question answering","269","105","124","39.03345724907063","46.09665427509294"
"statistical reasoning","301","107","165","35.548172757475086","54.81727574750831"
