"split","Overall","atomStructure","eclipses","faultsEarthquakes","foodChainsWebs","lifeCycles","moonPhaseEquinox","partsOfA","partsOfTheEarth","photosynthesisRespiration","rockCycle","rockStrata","solarSystem","typesOf","volcano","waterCNPCycle"
"none","0.834520725388601","1.0","0.967741935483871","0.6428571428571429","0.9879518072289156","0.7386091127098321","0.6534296028880866","0.7618069815195072","0.7884615384615384","0.6962025316455697","0.6567164179104478","0.7317073170731707","0.8888888888888888","0.7696793002915452","0.8125","0.7727272727272727"
