"Task&Skill","tot","prefetch","hit","prefetch_rate","acc"
"Overall","1000","540","708","54.0","70.8"
"scientific reasoning","122","94","79","77.04918032786885","64.75409836065575"
"textbook question answering","158","107","96","67.72151898734177","60.75949367088608"
"numeric commonsense","144","39","92","27.083333333333332","63.888888888888886"
"arithmetic reasoning","353","99","240","28.04532577903683","67.98866855524079"
"visual question answering","179","92","121","51.39664804469274","67.59776536312849"
"geometry reasoning","239","212","172","88.70292887029288","71.96652719665272"
"algebraic reasoning","281","239","189","85.05338078291815","67.25978647686833"
"geometry problem solving","208","203","154","97.59615384615384","74.03846153846155"
"math word problem","186","22","145","11.827956989247312","77.95698924731182"
"logical reasoning","37","24","9","64.86486486486487","24.324324324324326"
"figure question answering","269","116","192","43.12267657992565","71.37546468401487"
"statistical reasoning","301","106","232","35.21594684385382","77.0764119601329"
