"split","Overall","atomStructure","eclipses","faultsEarthquakes","foodChainsWebs","lifeCycles","moonPhaseEquinox","partsOfA","partsOfTheEarth","photosynthesisRespiration","rockCycle","rockStrata","solarSystem","typesOf","volcano","waterCNPCycle"
"none","0.8601036269430051","1.0","0.9354838709677419","0.75","0.9905335628227194","0.7937649880095923","0.7075812274368231","0.7885010266940452","0.7884615384615384","0.810126582278481","0.6567164179104478","0.8048780487804879","0.9166666666666666","0.8192419825072886","0.8125","0.6136363636363636"
