"Task&Skill","tot","prefetch","hit","prefetch_rate","acc"
"Overall","1000","540","745","54.0","74.5"
"scientific reasoning","122","94","85","77.04918032786885","69.67213114754098"
"textbook question answering","158","107","104","67.72151898734177","65.82278481012658"
"numeric commonsense","144","39","85","27.083333333333332","59.02777777777778"
"arithmetic reasoning","353","99","248","28.04532577903683","70.25495750708215"
"visual question answering","179","92","121","51.39664804469274","67.59776536312849"
"geometry reasoning","239","212","186","88.70292887029288","77.82426778242679"
"algebraic reasoning","281","239","207","85.05338078291815","73.66548042704626"
"geometry problem solving","208","203","168","97.59615384615384","80.76923076923077"
"math word problem","186","22","148","11.827956989247312","79.56989247311827"
"logical reasoning","37","24","6","64.86486486486487","16.216216216216218"
"figure question answering","269","116","204","43.12267657992565","75.8364312267658"
"statistical reasoning","301","106","256","35.21594684385382","85.04983388704319"
