"split","Overall","atomStructure","eclipses","faultsEarthquakes","foodChainsWebs","lifeCycles","moonPhaseEquinox","partsOfA","partsOfTheEarth","photosynthesisRespiration","rockCycle","rockStrata","solarSystem","typesOf","volcano","waterCNPCycle"
"none","0.7555051813471503","0.75","0.8064516129032258","0.6785714285714286","0.8485370051635112","0.7002398081534772","0.5992779783393501","0.7720739219712526","0.7692307692307693","0.6455696202531646","0.6119402985074627","0.6585365853658537","0.8611111111111112","0.685131195335277","0.875","0.5454545454545454"
