"Task&Skill","tot","prefetch","hit","prefetch_rate","acc"
"Overall","1000","452","552","45.2","55.2"
"scientific reasoning","122","89","77","72.95081967213115","63.114754098360656"
"textbook question answering","158","99","98","62.65822784810127","62.0253164556962"
"numeric commonsense","144","38","53","26.38888888888889","36.80555555555556"
"arithmetic reasoning","353","98","190","27.762039660056658","53.82436260623229"
"visual question answering","179","92","85","51.39664804469274","47.486033519553075"
"geometry reasoning","239","139","105","58.15899581589959","43.93305439330544"
"algebraic reasoning","281","165","124","58.718861209964416","44.128113879003564"
"geometry problem solving","208","132","87","63.46153846153846","41.82692307692308"
"math word problem","186","21","108","11.29032258064516","58.06451612903226"
"logical reasoning","37","16","9","43.24324324324324","24.324324324324326"
"figure question answering","269","108","174","40.14869888475837","64.68401486988847"
"statistical reasoning","301","106","226","35.21594684385382","75.08305647840533"
