"split","Overall","atomStructure","eclipses","faultsEarthquakes","foodChainsWebs","lifeCycles","moonPhaseEquinox","partsOfA","partsOfTheEarth","photosynthesisRespiration","rockCycle","rockStrata","solarSystem","typesOf","volcano","waterCNPCycle"
"none","0.7522668393782384","0.625","0.8387096774193549","0.5357142857142857","0.8614457831325302","0.6546762589928058","0.631768953068592","0.7679671457905544","0.6538461538461539","0.5443037974683544","0.6417910447761194","0.6829268292682927","0.8888888888888888","0.6909620991253644","0.875","0.5227272727272727"
