"Task&Skill","tot","prefetch","hit","prefetch_rate","acc"
"Overall","1000","456","691","45.6","69.1"
"scientific reasoning","122","86","83","70.49180327868852","68.0327868852459"
"textbook question answering","158","97","106","61.39240506329114","67.08860759493672"
"numeric commonsense","144","38","60","26.38888888888889","41.66666666666667"
"arithmetic reasoning","353","97","229","27.47875354107649","64.87252124645893"
"visual question answering","179","92","99","51.39664804469274","55.3072625698324"
"geometry reasoning","239","152","166","63.59832635983263","69.4560669456067"
"algebraic reasoning","281","176","191","62.63345195729537","67.97153024911033"
"geometry problem solving","208","143","147","68.75","70.67307692307693"
"math word problem","186","21","145","11.29032258064516","77.95698924731182"
"logical reasoning","37","12","11","32.432432432432435","29.72972972972973"
"figure question answering","269","103","194","38.28996282527881","72.11895910780669"
"statistical reasoning","301","102","244","33.88704318936877","81.06312292358804"
