"split","Overall","atomStructure","eclipses","faultsEarthquakes","foodChainsWebs","lifeCycles","moonPhaseEquinox","partsOfA","partsOfTheEarth","photosynthesisRespiration","rockCycle","rockStrata","solarSystem","typesOf","volcano","waterCNPCycle"
"none","0.8082901554404145","0.5","0.8709677419354839","0.6785714285714286","0.9518072289156626","0.7458033573141487","0.5992779783393501","0.757700205338809","0.7692307692307693","0.6835443037974683","0.7014925373134329","0.7073170731707317","0.8333333333333334","0.7463556851311953","0.8125","0.5681818181818182"
