"Task&Skill","tot","prefetch","hit","prefetch_rate","acc"
"Overall","1000","646","475","64.60000000000001","47.5"
"scientific reasoning","122","77","62","63.114754098360656","50.81967213114754"
"textbook question answering","158","98","77","62.0253164556962","48.734177215189874"
"numeric commonsense","144","61","57","42.36111111111111","39.58333333333333"
"arithmetic reasoning","353","169","133","47.875354107648725","37.6770538243626"
"visual question answering","179","98","65","54.7486033519553","36.312849162011176"
"geometry reasoning","239","179","115","74.89539748953975","48.11715481171548"
"algebraic reasoning","281","207","131","73.66548042704626","46.619217081850536"
"geometry problem solving","208","164","104","78.84615384615384","50.0"
"math word problem","186","97","91","52.1505376344086","48.924731182795696"
"logical reasoning","37","24","6","64.86486486486487","16.216216216216218"
"figure question answering","269","189","138","70.26022304832715","51.301115241635685"
"statistical reasoning","301","206","169","68.43853820598007","56.14617940199336"
