"split","Overall","atomStructure","eclipses","faultsEarthquakes","foodChainsWebs","lifeCycles","moonPhaseEquinox","partsOfA","partsOfTheEarth","photosynthesisRespiration","rockCycle","rockStrata","solarSystem","typesOf","volcano","waterCNPCycle"
"none","0.6988341968911918","0.75","0.8387096774193549","0.6071428571428571","0.8407917383820999","0.5851318944844125","0.4981949458483754","0.6735112936344969","0.7115384615384616","0.6582278481012658","0.5373134328358209","0.6829268292682927","0.8333333333333334","0.597667638483965","0.75","0.5"
