"Task&Skill","tot","prefetch","hit","prefetch_rate","acc"
"Overall","1000","608","406","60.8","40.6"
"scientific reasoning","122","94","59","77.04918032786885","48.36065573770492"
"textbook question answering","158","109","74","68.9873417721519","46.835443037974684"
"numeric commonsense","144","49","29","34.02777777777778","20.13888888888889"
"arithmetic reasoning","353","128","88","36.26062322946176","24.929178470254957"
"visual question answering","179","102","65","56.98324022346368","36.312849162011176"
"geometry reasoning","239","214","132","89.5397489539749","55.23012552301255"
"algebraic reasoning","281","241","151","85.76512455516014","53.736654804270465"
"geometry problem solving","208","203","126","97.59615384615384","60.57692307692307"
"math word problem","186","40","24","21.50537634408602","12.903225806451612"
"logical reasoning","37","23","9","62.16216216216216","24.324324324324326"
"figure question answering","269","154","117","57.249070631970255","43.49442379182156"
"statistical reasoning","301","150","120","49.83388704318937","39.8671096345515"
