"split","Overall","atomStructure","eclipses","faultsEarthquakes","foodChainsWebs","lifeCycles","moonPhaseEquinox","partsOfA","partsOfTheEarth","photosynthesisRespiration","rockCycle","rockStrata","solarSystem","typesOf","volcano","waterCNPCycle"
"none","0.6573834196891192","0.75","0.7096774193548387","0.6071428571428571","0.770223752151463","0.5443645083932853","0.51985559566787","0.6735112936344969","0.6730769230769231","0.6455696202531646","0.4626865671641791","0.5853658536585366","0.75","0.5626822157434402","0.625","0.45454545454545453"
