"Task&Skill","tot","prefetch","hit","prefetch_rate","acc"
"Overall","1000","529","484","52.900000000000006","48.4"
"scientific reasoning","122","93","80","76.22950819672131","65.57377049180327"
"textbook question answering","158","106","107","67.08860759493672","67.72151898734177"
"numeric commonsense","144","40","40","27.77777777777778","27.77777777777778"
"arithmetic reasoning","353","111","155","31.444759206798867","43.90934844192634"
"visual question answering","179","94","66","52.513966480446925","36.87150837988827"
"geometry reasoning","239","180","124","75.31380753138075","51.88284518828452"
"algebraic reasoning","281","208","151","74.02135231316726","53.736654804270465"
"geometry problem solving","208","171","108","82.21153846153845","51.92307692307693"
"math word problem","186","31","96","16.666666666666664","51.61290322580645"
"logical reasoning","37","24","8","64.86486486486487","21.62162162162162"
"figure question answering","269","127","107","47.21189591078067","39.77695167286245"
"statistical reasoning","301","123","155","40.863787375415285","51.49501661129568"
