"split","Overall","atomStructure","eclipses","faultsEarthquakes","foodChainsWebs","lifeCycles","moonPhaseEquinox","partsOfA","partsOfTheEarth","photosynthesisRespiration","rockCycle","rockStrata","solarSystem","typesOf","volcano","waterCNPCycle"
"none","0.6855569948186528","0.375","0.7096774193548387","0.6071428571428571","0.7925989672977625","0.5827338129496403","0.5126353790613718","0.702258726899384","0.6923076923076923","0.5822784810126582","0.5373134328358209","0.6097560975609756","0.75","0.641399416909621","0.9375","0.5"
