"split","Overall","atomStructure","eclipses","faultsEarthquakes","foodChainsWebs","lifeCycles","moonPhaseEquinox","partsOfA","partsOfTheEarth","photosynthesisRespiration","rockCycle","rockStrata","solarSystem","typesOf","volcano","waterCNPCycle"
"none","0.7043393782383419","0.75","0.9032258064516129","0.6071428571428571","0.8080895008605852","0.6067146282973621","0.5595667870036101","0.6899383983572895","0.7307692307692307","0.6075949367088608","0.6119402985074627","0.6341463414634146","0.7777777777777778","0.6472303206997084","0.875","0.5454545454545454"
