"Task&Skill","tot","prefetch","hit","prefetch_rate","acc"
"Overall","1000","536","699","53.6","69.89999999999999"
"scientific reasoning","122","84","88","68.85245901639344","72.1311475409836"
"textbook question answering","158","98","123","62.0253164556962","77.84810126582279"
"numeric commonsense","144","48","71","33.33333333333333","49.30555555555556"
"arithmetic reasoning","353","118","213","33.42776203966006","60.3399433427762"
"visual question answering","179","97","104","54.18994413407822","58.10055865921788"
"geometry reasoning","239","158","195","66.10878661087865","81.58995815899581"
"algebraic reasoning","281","189","234","67.25978647686833","83.27402135231317"
"geometry problem solving","208","149","176","71.63461538461539","84.61538461538461"
"math word problem","186","39","111","20.967741935483872","59.67741935483871"
"logical reasoning","37","19","12","51.35135135135135","32.432432432432435"
"figure question answering","269","153","185","56.877323420074354","68.77323420074349"
"statistical reasoning","301","154","238","51.162790697674424","79.06976744186046"
