"split","Overall","atomStructure","eclipses","faultsEarthquakes","foodChainsWebs","lifeCycles","moonPhaseEquinox","partsOfA","partsOfTheEarth","photosynthesisRespiration","rockCycle","rockStrata","solarSystem","typesOf","volcano","waterCNPCycle"
"none","0.8011658031088082","0.75","0.9354838709677419","0.6428571428571429","0.8855421686746988","0.7434052757793765","0.6714801444043321","0.7782340862422998","0.7307692307692307","0.8734177215189873","0.6865671641791045","0.8048780487804879","0.8611111111111112","0.7463556851311953","0.875","0.6818181818181818"
