"Task&Skill","tot","prefetch","hit","prefetch_rate","acc"
"Overall","1000","562","436","56.2","43.6"
"scientific reasoning","122","88","70","72.1311475409836","57.377049180327866"
"textbook question answering","158","104","90","65.82278481012658","56.9620253164557"
"numeric commonsense","144","45","48","31.25","33.33333333333333"
"arithmetic reasoning","353","114","131","32.29461756373937","37.110481586402265"
"visual question answering","179","99","69","55.3072625698324","38.547486033519554"
"geometry reasoning","239","181","99","75.73221757322176","41.42259414225941"
"algebraic reasoning","281","209","121","74.37722419928826","43.06049822064057"
"geometry problem solving","208","170","88","81.73076923076923","42.30769230769231"
"math word problem","186","28","66","15.053763440860216","35.483870967741936"
"logical reasoning","37","22","4","59.45945945945946","10.81081081081081"
"figure question answering","269","161","123","59.85130111524164","45.72490706319702"
"statistical reasoning","301","157","161","52.159468438538205","53.48837209302325"
