"split","Overall","atomStructure","eclipses","faultsEarthquakes","foodChainsWebs","lifeCycles","moonPhaseEquinox","partsOfA","partsOfTheEarth","photosynthesisRespiration","rockCycle","rockStrata","solarSystem","typesOf","volcano","waterCNPCycle"
"none","0.7085492227979274","0.5","0.8709677419354839","0.6428571428571429","0.7951807228915663","0.6546762589928058","0.5703971119133574","0.675564681724846","0.75","0.6962025316455697","0.582089552238806","0.6341463414634146","0.8055555555555556","0.6705539358600583","0.75","0.5681818181818182"
