"split","Overall","atomStructure","eclipses","faultsEarthquakes","foodChainsWebs","lifeCycles","moonPhaseEquinox","partsOfA","partsOfTheEarth","photosynthesisRespiration","rockCycle","rockStrata","solarSystem","typesOf","volcano","waterCNPCycle"
"none","0.4183937823834197","0.25","0.4838709677419355","0.35714285714285715","0.43029259896729777","0.38848920863309355","0.3574007220216607","0.5030800821355236","0.3269230769230769","0.35443037974683544","0.3582089552238806","0.34146341463414637","0.4166666666666667","0.40233236151603496","0.375","0.38636363636363635"
