"split","Overall","atomStructure","eclipses","faultsEarthquakes","foodChainsWebs","lifeCycles","moonPhaseEquinox","partsOfA","partsOfTheEarth","photosynthesisRespiration","rockCycle","rockStrata","solarSystem","typesOf","volcano","waterCNPCycle"
"none","0.8853626943005182","0.75","0.967741935483871","0.8214285714285714","0.9621342512908778","0.882494004796163","0.7509025270758123","0.8501026694045175","0.8461538461538461","0.8734177215189873","0.7164179104477612","0.8536585365853658","0.9722222222222222","0.8192419825072886","0.9375","0.9090909090909091"
