"split","Overall","atomStructure","eclipses","faultsEarthquakes","foodChainsWebs","lifeCycles","moonPhaseEquinox","partsOfA","partsOfTheEarth","photosynthesisRespiration","rockCycle","rockStrata","solarSystem","typesOf","volcano","waterCNPCycle"
"none","0.6768134715025906","0.5","0.7741935483870968","0.6071428571428571","0.7900172117039587","0.6115107913669064","0.5090252707581228","0.6776180698151951","0.6730769230769231","0.6962025316455697","0.5671641791044776","0.6585365853658537","0.8055555555555556","0.5364431486880467","0.75","0.4772727272727273"
