"split","Overall","atomStructure","eclipses","faultsEarthquakes","foodChainsWebs","lifeCycles","moonPhaseEquinox","partsOfA","partsOfTheEarth","photosynthesisRespiration","rockCycle","rockStrata","solarSystem","typesOf","volcano","waterCNPCycle"
"none","0.6185233160621761","0.625","0.8709677419354839","0.4642857142857143","0.7271944922547332","0.5419664268585132","0.44404332129963897","0.6242299794661191","0.6153846153846154","0.5949367088607594","0.43283582089552236","0.5853658536585366","0.7222222222222222","0.5160349854227405","0.6875","0.4772727272727273"
