"Task&Skill","tot","prefetch","hit","prefetch_rate","acc"
"Overall","1000","548","626","54.800000000000004","62.6"
"scientific reasoning","122","94","80","77.04918032786885","65.57377049180327"
"textbook question answering","158","107","96","67.72151898734177","60.75949367088608"
"numeric commonsense","144","45","65","31.25","45.13888888888889"
"arithmetic reasoning","353","99","204","28.04532577903683","57.79036827195468"
"visual question answering","179","92","85","51.39664804469274","47.486033519553075"
"geometry reasoning","239","212","164","88.70292887029288","68.6192468619247"
"algebraic reasoning","281","239","180","85.05338078291815","64.05693950177937"
"geometry problem solving","208","203","146","97.59615384615384","70.1923076923077"
"math word problem","186","28","144","15.053763440860216","77.41935483870968"
"logical reasoning","37","24","6","64.86486486486487","16.216216216216218"
"figure question answering","269","118","155","43.866171003717476","57.62081784386617"
"statistical reasoning","301","108","202","35.880398671096344","67.109634551495"
