"split","Overall","atomStructure","eclipses","faultsEarthquakes","foodChainsWebs","lifeCycles","moonPhaseEquinox","partsOfA","partsOfTheEarth","photosynthesisRespiration","rockCycle","rockStrata","solarSystem","typesOf","volcano","waterCNPCycle"
"none","0.8244818652849741","0.625","0.9032258064516129","0.6428571428571429","0.9018932874354562","0.815347721822542","0.6714801444043321","0.8008213552361396","0.7884615384615384","0.8227848101265823","0.7164179104477612","0.8292682926829268","0.8611111111111112","0.7755102040816326","1.0","0.6818181818181818"
