"Task&Skill","tot","prefetch","hit","prefetch_rate","acc"
"Overall","1000","655","423","65.5","42.3"
"scientific reasoning","122","96","61","78.68852459016394","50.0"
"textbook question answering","158","111","72","70.25316455696202","45.56962025316456"
"numeric commonsense","144","52","38","36.11111111111111","26.38888888888889"
"arithmetic reasoning","353","163","125","46.1756373937677","35.41076487252124"
"visual question answering","179","106","71","59.217877094972074","39.66480446927375"
"geometry reasoning","239","218","111","91.21338912133892","46.44351464435147"
"algebraic reasoning","281","243","124","86.47686832740213","44.128113879003564"
"geometry problem solving","208","203","100","97.59615384615384","48.07692307692308"
"math word problem","186","70","56","37.634408602150536","30.107526881720432"
"logical reasoning","37","24","5","64.86486486486487","13.513513513513514"
"figure question answering","269","165","124","61.33828996282528","46.09665427509294"
"statistical reasoning","301","167","141","55.48172757475083","46.84385382059801"
