"split","Overall","atomStructure","eclipses","faultsEarthquakes","foodChainsWebs","lifeCycles","moonPhaseEquinox","partsOfA","partsOfTheEarth","photosynthesisRespiration","rockCycle","rockStrata","solarSystem","typesOf","volcano","waterCNPCycle"
"none","0.7898316062176166","0.875","0.9032258064516129","0.75","0.8932874354561101","0.7482014388489209","0.6534296028880866","0.7453798767967146","0.7692307692307693","0.7721518987341772","0.6567164179104478","0.7073170731707317","0.8055555555555556","0.7113702623906706","0.9375","0.6136363636363636"
