"split","Overall","atomStructure","eclipses","faultsEarthquakes","foodChainsWebs","lifeCycles","moonPhaseEquinox","partsOfA","partsOfTheEarth","photosynthesisRespiration","rockCycle","rockStrata","solarSystem","typesOf","volcano","waterCNPCycle"
"none","0.8063471502590673","0.75","0.9354838709677419","0.6071428571428571","0.8984509466437177","0.7721822541966427","0.6678700361010831","0.7741273100616016","0.7307692307692307","0.7341772151898734","0.6716417910447762","0.7804878048780488","0.8611111111111112","0.7638483965014577","0.875","0.6818181818181818"
