"Task&Skill","tot","prefetch","hit","prefetch_rate","acc"
"Overall","1000","437","542","43.7","54.2"
"scientific reasoning","122","82","74","67.21311475409836","60.65573770491803"
"textbook question answering","158","94","93","59.49367088607595","58.86075949367089"
"numeric commonsense","144","38","48","26.38888888888889","33.33333333333333"
"arithmetic reasoning","353","97","188","27.47875354107649","53.25779036827195"
"visual question answering","179","91","81","50.83798882681564","45.2513966480447"
"geometry reasoning","239","141","126","58.995815899581594","52.719665271966534"
"algebraic reasoning","281","169","147","60.14234875444839","52.313167259786475"
"geometry problem solving","208","134","111","64.42307692307693","53.36538461538461"
"math word problem","186","21","108","11.29032258064516","58.06451612903226"
"logical reasoning","37","7","6","18.91891891891892","16.216216216216218"
"figure question answering","269","97","149","36.059479553903344","55.39033457249071"
"statistical reasoning","301","104","199","34.55149501661129","66.11295681063123"
