"split","Overall","atomStructure","eclipses","faultsEarthquakes","foodChainsWebs","lifeCycles","moonPhaseEquinox","partsOfA","partsOfTheEarth","photosynthesisRespiration","rockCycle","rockStrata","solarSystem","typesOf","volcano","waterCNPCycle"
"none","0.6674222797927462","0.5","0.6774193548387096","0.5714285714285714","0.8674698795180723","0.48201438848920863","0.44765342960288806","0.6837782340862423","0.6346153846153846","0.5063291139240507","0.5522388059701493","0.43902439024390244","0.8055555555555556","0.49271137026239065","0.625","0.4090909090909091"
