"split","Overall","atomStructure","eclipses","faultsEarthquakes","foodChainsWebs","lifeCycles","moonPhaseEquinox","partsOfA","partsOfTheEarth","photosynthesisRespiration","rockCycle","rockStrata","solarSystem","typesOf","volcano","waterCNPCycle"
"none","0.6761658031088082","0.5","0.8387096774193549","0.4642857142857143","0.7822719449225474","0.5827338129496403","0.5090252707581228","0.6837782340862423","0.6730769230769231","0.569620253164557","0.6268656716417911","0.4878048780487805","0.9166666666666666","0.597667638483965","0.8125","0.5909090909090909"
