"Task&Skill","tot","prefetch","hit","prefetch_rate","acc"
"Overall","1000","462","653","46.2","65.3"
"scientific reasoning","122","85","90","69.67213114754098","73.77049180327869"
"textbook question answering","158","98","117","62.0253164556962","74.0506329113924"
"numeric commonsense","144","38","53","26.38888888888889","36.80555555555556"
"arithmetic reasoning","353","96","192","27.19546742209632","54.39093484419264"
"visual question answering","179","91","85","50.83798882681564","47.486033519553075"
"geometry reasoning","239","158","164","66.10878661087865","68.6192468619247"
"algebraic reasoning","281","185","196","65.83629893238434","69.7508896797153"
"geometry problem solving","208","150","144","72.11538461538461","69.23076923076923"
"math word problem","186","21","112","11.29032258064516","60.215053763440864"
"logical reasoning","37","11","17","29.72972972972973","45.94594594594595"
"figure question answering","269","102","195","37.9182156133829","72.4907063197026"
"statistical reasoning","301","103","238","34.21926910299003","79.06976744186046"
