"split","Overall","atomStructure","eclipses","faultsEarthquakes","foodChainsWebs","lifeCycles","moonPhaseEquinox","partsOfA","partsOfTheEarth","photosynthesisRespiration","rockCycle","rockStrata","solarSystem","typesOf","volcano","waterCNPCycle"
"none","0.6528497409326425","0.625","0.8064516129032258","0.5714285714285714","0.8459552495697074","0.4724220623501199","0.47653429602888087","0.6078028747433265","0.6346153846153846","0.5189873417721519","0.5074626865671642","0.4146341463414634","0.7222222222222222","0.5306122448979592","0.5625","0.45454545454545453"
