"split","Overall","atomStructure","eclipses","faultsEarthquakes","foodChainsWebs","lifeCycles","moonPhaseEquinox","partsOfA","partsOfTheEarth","photosynthesisRespiration","rockCycle","rockStrata","solarSystem","typesOf","volcano","waterCNPCycle"
"none","0.7198834196891192","0.625","0.8387096774193549","0.5714285714285714","0.8261617900172117","0.6258992805755396","0.4981949458483754","0.7330595482546202","0.8461538461538461","0.7721518987341772","0.582089552238806","0.6097560975609756","0.75","0.6618075801749271","0.8125","0.5454545454545454"
