"split","Overall","atomStructure","eclipses","faultsEarthquakes","foodChainsWebs","lifeCycles","moonPhaseEquinox","partsOfA","partsOfTheEarth","photosynthesisRespiration","rockCycle","rockStrata","solarSystem","typesOf","volcano","waterCNPCycle"
"none","0.7419041450777202","0.625","0.8064516129032258","0.7857142857142857","0.8640275387263339","0.6378896882494005","0.5631768953068592","0.7371663244353183","0.7692307692307693","0.7721518987341772","0.5373134328358209","0.6097560975609756","0.8611111111111112","0.6618075801749271","0.6875","0.5227272727272727"
