"Task&Skill","tot","prefetch","hit","prefetch_rate","acc"
"Overall","1000","589","406","58.9","40.6"
"scientific reasoning","122","94","64","77.04918032786885","52.459016393442624"
"textbook question answering","158","107","78","67.72151898734177","49.36708860759494"
"numeric commonsense","144","40","53","27.77777777777778","36.80555555555556"
"arithmetic reasoning","353","117","133","33.14447592067989","37.6770538243626"
"visual question answering","179","95","76","53.072625698324025","42.45810055865922"
"geometry reasoning","239","220","78","92.05020920502092","32.63598326359833"
"algebraic reasoning","281","239","88","85.05338078291815","31.316725978647685"
"geometry problem solving","208","203","64","97.59615384615384","30.76923076923077"
"math word problem","186","37","80","19.892473118279568","43.01075268817204"
"logical reasoning","37","24","7","64.86486486486487","18.91891891891892"
"figure question answering","269","147","108","54.646840148698885","40.14869888475837"
"statistical reasoning","301","137","118","45.51495016611295","39.202657807308974"
