"Task&Skill","tot","prefetch","hit","prefetch_rate","acc"
"Overall","1000","340","661","34.0","66.10000000000001"
"scientific reasoning","122","54","91","44.26229508196721","74.59016393442623"
"textbook question answering","158","66","115","41.77215189873418","72.78481012658227"
"numeric commonsense","144","39","77","27.083333333333332","53.47222222222222"
"arithmetic reasoning","353","84","208","23.79603399433428","58.92351274787535"
"visual question answering","179","87","97","48.60335195530726","54.18994413407822"
"geometry reasoning","239","126","158","52.719665271966534","66.10878661087865"
"algebraic reasoning","281","150","187","53.380782918149464","66.54804270462633"
"geometry problem solving","208","119","142","57.21153846153846","68.26923076923077"
"math word problem","186","15","133","8.064516129032258","71.50537634408603"
"logical reasoning","37","8","9","21.62162162162162","24.324324324324326"
"figure question answering","269","53","174","19.702602230483272","64.68401486988847"
"statistical reasoning","301","52","225","17.275747508305646","74.75083056478405"
