"split","Overall","atomStructure","eclipses","faultsEarthquakes","foodChainsWebs","lifeCycles","moonPhaseEquinox","partsOfA","partsOfTheEarth","photosynthesisRespiration","rockCycle","rockStrata","solarSystem","typesOf","volcano","waterCNPCycle"
"none","0.9365284974093264","1.0","0.967741935483871","0.8928571428571429","0.9578313253012049","0.9088729016786571","0.9205776173285198","0.9301848049281314","0.8653846153846154","0.9620253164556962","0.9402985074626866","0.9024390243902439","1.0","0.9183673469387755","0.9375","0.9545454545454546"
