"split","Overall","atomStructure","eclipses","faultsEarthquakes","foodChainsWebs","lifeCycles","moonPhaseEquinox","partsOfA","partsOfTheEarth","photosynthesisRespiration","rockCycle","rockStrata","solarSystem","typesOf","volcano","waterCNPCycle"
"none","0.7172927461139896","0.625","0.7741935483870968","0.6428571428571429","0.8459552495697074","0.6091127098321343","0.5415162454873647","0.7330595482546202","0.7115384615384616","0.6835443037974683","0.582089552238806","0.6097560975609756","0.8611111111111112","0.5889212827988338","0.8125","0.5227272727272727"
