"Task&Skill","tot","prefetch","hit","prefetch_rate","acc"
"Overall","1000","708","640","70.8","64.0"
"scientific reasoning","122","93","68","76.22950819672131","55.73770491803278"
"textbook question answering","158","110","89","69.62025316455697","56.32911392405063"
"numeric commonsense","144","49","63","34.02777777777778","43.75"
"arithmetic reasoning","353","200","225","56.657223796033996","63.73937677053825"
"visual question answering","179","102","95","56.98324022346368","53.072625698324025"
"geometry reasoning","239","203","152","84.93723849372385","63.59832635983263"
"algebraic reasoning","281","234","164","83.27402135231317","58.362989323843415"
"geometry problem solving","208","193","132","92.78846153846155","63.46153846153846"
"math word problem","186","110","154","59.13978494623656","82.79569892473118"
"logical reasoning","37","24","6","64.86486486486487","16.216216216216218"
"figure question answering","269","193","170","71.74721189591078","63.19702602230484"
"statistical reasoning","301","222","221","73.75415282392026","73.421926910299"
