"split","Overall","atomStructure","eclipses","faultsEarthquakes","foodChainsWebs","lifeCycles","moonPhaseEquinox","partsOfA","partsOfTheEarth","photosynthesisRespiration","rockCycle","rockStrata","solarSystem","typesOf","volcano","waterCNPCycle"
"none","0.8157383419689119","0.875","0.8709677419354839","0.6428571428571429","0.9070567986230637","0.7937649880095923","0.7256317689530686","0.7741273100616016","0.7884615384615384","0.8227848101265823","0.7014925373134329","0.6829268292682927","0.8611111111111112","0.7317784256559767","0.8125","0.6363636363636364"
