"split","Overall","atomStructure","eclipses","faultsEarthquakes","foodChainsWebs","lifeCycles","moonPhaseEquinox","partsOfA","partsOfTheEarth","photosynthesisRespiration","rockCycle","rockStrata","solarSystem","typesOf","volcano","waterCNPCycle"
"none","0.7276554404145078","0.5","0.7419354838709677","0.6785714285714286","0.8580034423407917","0.6306954436450839","0.5451263537906137","0.6878850102669405","0.6923076923076923","0.6329113924050633","0.6417910447761194","0.7317073170731707","0.7222222222222222","0.6793002915451894","0.75","0.5681818181818182"
