"split","Overall","Accounting","Agriculture","Architecture_and_Engineering","Art","Art_Theory","Basic_Medical_Science","Biology","Chemistry","Clinical_Medicine","Computer_Science","Design","Diagnostics_and_Laboratory_Medicine","Economics","Electronics","Energy_and_Power","Finance","Geography","History","Literature","Manage","Marketing","Materials","Math","Mechanical_Engineering","Music","Pharmacy","Physics","Psychology","Public_Health","Sociology","Art & Design","Business","Health & Medicine","Humanities & Social Science","Science","Tech & Engineering"
"validation","0.5977777777777777","0.6","0.5333333333333333","0.43333333333333335","0.7666666666666667","0.8666666666666667","0.7666666666666667","0.4","0.43333333333333335","0.5666666666666667","0.7333333333333333","0.8333333333333334","0.36666666666666664","0.5333333333333333","0.7","0.5666666666666667","0.6333333333333333","0.4","0.7666666666666667","0.9","0.6","0.6666666666666666","0.2","0.6","0.4","0.23333333333333334","0.6666666666666666","0.5333333333333333","0.7333333333333333","0.8666666666666667","0.6333333333333333","0.675","0.6066666666666667","0.6466666666666666","0.7583333333333333","0.47333333333333333","0.5095238095238095"
"dev","0.58","0.4","0.2","0.4","0.8","1.0","0.8","1.0","0.4","0.4","0.6","0.6","0.2","0.8","0.6","0.2","0.6","0.2","1.0","0.8","0.6","0.4","0.8","0.6","0.4","0.4","0.8","0.8","0.6","0.4","0.6","0.7","0.56","0.52","0.75","0.6","0.45714285714285713"
