"Task&Skill","tot","prefetch","hit","prefetch_rate","acc"
"Overall","1000","470","518","47.0","51.800000000000004"
"scientific reasoning","122","87","77","71.31147540983606","63.114754098360656"
"textbook question answering","158","99","104","62.65822784810127","65.82278481012658"
"numeric commonsense","144","39","48","27.083333333333332","33.33333333333333"
"arithmetic reasoning","353","98","183","27.762039660056658","51.84135977337111"
"visual question answering","179","92","85","51.39664804469274","47.486033519553075"
"geometry reasoning","239","160","131","66.94560669456067","54.811715481171554"
"algebraic reasoning","281","187","159","66.54804270462633","56.58362989323843"
"geometry problem solving","208","152","117","73.07692307692307","56.25"
"math word problem","186","22","107","11.827956989247312","57.52688172043011"
"logical reasoning","37","13","8","35.13513513513514","21.62162162162162"
"figure question answering","269","105","105","39.03345724907063","39.03345724907063"
"statistical reasoning","301","106","156","35.21594684385382","51.82724252491694"
