"split","Overall","atomStructure","eclipses","faultsEarthquakes","foodChainsWebs","lifeCycles","moonPhaseEquinox","partsOfA","partsOfTheEarth","photosynthesisRespiration","rockCycle","rockStrata","solarSystem","typesOf","volcano","waterCNPCycle"
"none","0.5553756476683938","0.5","0.6129032258064516","0.6071428571428571","0.6161790017211703","0.4556354916067146","0.44404332129963897","0.6119096509240246","0.5961538461538461","0.5443037974683544","0.417910447761194","0.5853658536585366","0.5555555555555556","0.5160349854227405","0.625","0.3409090909090909"
