"split","Overall","atomStructure","eclipses","faultsEarthquakes","foodChainsWebs","lifeCycles","moonPhaseEquinox","partsOfA","partsOfTheEarth","photosynthesisRespiration","rockCycle","rockStrata","solarSystem","typesOf","volcano","waterCNPCycle"
"none","0.7108160621761658","0.875","0.9032258064516129","0.6428571428571429","0.8287435456110155","0.5971223021582733","0.5270758122743683","0.7166324435318275","0.7115384615384616","0.7088607594936709","0.582089552238806","0.6097560975609756","0.75","0.6209912536443148","0.6875","0.6136363636363636"
