"split","Overall","atomStructure","eclipses","faultsEarthquakes","foodChainsWebs","lifeCycles","moonPhaseEquinox","partsOfA","partsOfTheEarth","photosynthesisRespiration","rockCycle","rockStrata","solarSystem","typesOf","volcano","waterCNPCycle"
"none","0.8316062176165803","0.875","0.9354838709677419","0.6428571428571429","0.9259896729776248","0.7841726618705036","0.6859205776173285","0.8049281314168378","0.75","0.810126582278481","0.6716417910447762","0.8292682926829268","0.8611111111111112","0.793002915451895","0.875","0.6818181818181818"
