"Task&Skill","tot","prefetch","hit","prefetch_rate","acc"
"Overall","1000","431","469","43.1","46.9"
"scientific reasoning","122","83","73","68.0327868852459","59.83606557377049"
"textbook question answering","158","95","89","60.12658227848101","56.32911392405063"
"numeric commonsense","144","33","42","22.916666666666664","29.166666666666668"
"arithmetic reasoning","353","95","148","26.912181303116146","41.92634560906516"
"visual question answering","179","91","71","50.83798882681564","39.66480446927375"
"geometry reasoning","239","127","86","53.13807531380753","35.98326359832636"
"algebraic reasoning","281","155","104","55.16014234875445","37.01067615658363"
"geometry problem solving","208","119","70","57.21153846153846","33.65384615384615"
"math word problem","186","16","82","8.60215053763441","44.086021505376344"
"logical reasoning","37","19","5","51.35135135135135","13.513513513513514"
"figure question answering","269","110","157","40.89219330855018","58.36431226765799"
"statistical reasoning","301","105","209","34.883720930232556","69.43521594684385"
