"split","Overall","atomStructure","eclipses","faultsEarthquakes","foodChainsWebs","lifeCycles","moonPhaseEquinox","partsOfA","partsOfTheEarth","photosynthesisRespiration","rockCycle","rockStrata","solarSystem","typesOf","volcano","waterCNPCycle"
"none","0.7487046632124352","0.75","0.8709677419354839","0.5","0.8855421686746988","0.6354916067146283","0.6173285198555957","0.7330595482546202","0.7307692307692307","0.6329113924050633","0.6567164179104478","0.6097560975609756","0.8888888888888888","0.6297376093294461","0.9375","0.5227272727272727"
