"Task&Skill","tot","prefetch","hit","prefetch_rate","acc"
"Overall","1000","760","664","76.0","66.4"
"scientific reasoning","122","96","73","78.68852459016394","59.83606557377049"
"textbook question answering","158","117","97","74.0506329113924","61.39240506329114"
"numeric commonsense","144","68","66","47.22222222222222","45.83333333333333"
"arithmetic reasoning","353","218","219","61.756373937677054","62.03966005665722"
"visual question answering","179","104","100","58.10055865921788","55.865921787709496"
"geometry reasoning","239","224","177","93.72384937238493","74.05857740585773"
"algebraic reasoning","281","250","196","88.96797153024912","69.7508896797153"
"geometry problem solving","208","204","158","98.07692307692307","75.96153846153845"
"math word problem","186","142","138","76.34408602150538","74.19354838709677"
"logical reasoning","37","26","6","70.27027027027027","16.216216216216218"
"figure question answering","269","193","171","71.74721189591078","63.56877323420075"
"statistical reasoning","301","219","218","72.75747508305648","72.42524916943522"
