"Task&Skill","tot","prefetch","hit","prefetch_rate","acc"
"Overall","1000","459","572","45.9","57.199999999999996"
"scientific reasoning","122","87","75","71.31147540983606","61.47540983606557"
"textbook question answering","158","99","111","62.65822784810127","70.25316455696202"
"numeric commonsense","144","39","57","27.083333333333332","39.58333333333333"
"arithmetic reasoning","353","97","188","27.47875354107649","53.25779036827195"
"visual question answering","179","92","74","51.39664804469274","41.340782122905026"
"geometry reasoning","239","151","147","63.17991631799163","61.50627615062761"
"algebraic reasoning","281","178","181","63.345195729537366","64.41281138790036"
"geometry problem solving","208","142","128","68.26923076923077","61.53846153846154"
"math word problem","186","22","127","11.827956989247312","68.27956989247312"
"logical reasoning","37","12","9","32.432432432432435","24.324324324324326"
"figure question answering","269","104","132","38.66171003717472","49.07063197026022"
"statistical reasoning","301","106","185","35.21594684385382","61.461794019933556"
