"split","Overall","atomStructure","eclipses","faultsEarthquakes","foodChainsWebs","lifeCycles","moonPhaseEquinox","partsOfA","partsOfTheEarth","photosynthesisRespiration","rockCycle","rockStrata","solarSystem","typesOf","volcano","waterCNPCycle"
"none","0.7937176165803109","0.875","0.8387096774193549","0.6785714285714286","0.9001721170395869","0.7314148681055156","0.6101083032490975","0.7823408624229979","0.7884615384615384","0.759493670886076","0.7014925373134329","0.7560975609756098","0.8611111111111112","0.7259475218658892","0.9375","0.5454545454545454"
