"split","Overall","atomStructure","eclipses","faultsEarthquakes","foodChainsWebs","lifeCycles","moonPhaseEquinox","partsOfA","partsOfTheEarth","photosynthesisRespiration","rockCycle","rockStrata","solarSystem","typesOf","volcano","waterCNPCycle"
"none","0.778821243523316","0.75","0.9032258064516129","0.6428571428571429","0.9010327022375215","0.7050359712230215","0.5812274368231047","0.7535934291581109","0.6923076923076923","0.810126582278481","0.6268656716417911","0.7073170731707317","0.7777777777777778","0.7113702623906706","0.9375","0.5909090909090909"
