"Task&Skill","tot","prefetch","hit","prefetch_rate","acc"
"Overall","1000","690","549","69.0","54.900000000000006"
"scientific reasoning","122","94","65","77.04918032786885","53.278688524590166"
"textbook question answering","158","116","78","73.41772151898735","49.36708860759494"
"numeric commonsense","144","68","61","47.22222222222222","42.36111111111111"
"arithmetic reasoning","353","184","181","52.124645892351275","51.27478753541076"
"visual question answering","179","101","87","56.424581005586596","48.60335195530726"
"geometry reasoning","239","191","104","79.9163179916318","43.51464435146444"
"algebraic reasoning","281","217","113","77.22419928825623","40.213523131672595"
"geometry problem solving","208","172","87","82.6923076923077","41.82692307692308"
"math word problem","186","114","119","61.29032258064516","63.97849462365591"
"logical reasoning","37","25","7","67.56756756756756","18.91891891891892"
"figure question answering","269","187","178","69.51672862453532","66.17100371747212"
"statistical reasoning","301","190","207","63.12292358803987","68.77076411960132"
