"split","Overall","atomStructure","eclipses","faultsEarthquakes","foodChainsWebs","lifeCycles","moonPhaseEquinox","partsOfA","partsOfTheEarth","photosynthesisRespiration","rockCycle","rockStrata","solarSystem","typesOf","volcano","waterCNPCycle"
"none","0.8082901554404145","0.75","0.8709677419354839","0.6428571428571429","0.9036144578313253","0.7601918465227818","0.6931407942238267","0.7741273100616016","0.8269230769230769","0.7974683544303798","0.7164179104477612","0.7560975609756098","0.9166666666666666","0.7288629737609329","1.0","0.5681818181818182"
