"Task&Skill","tot","prefetch","hit","prefetch_rate","acc"
"Overall","1000","760","631","76.0","63.1"
"scientific reasoning","122","96","73","78.68852459016394","59.83606557377049"
"textbook question answering","158","117","96","74.0506329113924","60.75949367088608"
"numeric commonsense","144","68","58","47.22222222222222","40.27777777777778"
"arithmetic reasoning","353","218","206","61.756373937677054","58.35694050991501"
"visual question answering","179","104","92","58.10055865921788","51.39664804469274"
"geometry reasoning","239","224","177","93.72384937238493","74.05857740585773"
"algebraic reasoning","281","250","195","88.96797153024912","69.3950177935943"
"geometry problem solving","208","204","158","98.07692307692307","75.96153846153845"
"math word problem","186","142","136","76.34408602150538","73.11827956989248"
"logical reasoning","37","26","6","70.27027027027027","16.216216216216218"
"figure question answering","269","193","149","71.74721189591078","55.39033457249071"
"statistical reasoning","301","219","194","72.75747508305648","64.45182724252491"
