"split","Overall","atomStructure","eclipses","faultsEarthquakes","foodChainsWebs","lifeCycles","moonPhaseEquinox","partsOfA","partsOfTheEarth","photosynthesisRespiration","rockCycle","rockStrata","solarSystem","typesOf","volcano","waterCNPCycle"
"none","0.8277202072538861","0.625","0.9032258064516129","0.6428571428571429","0.9087779690189329","0.815347721822542","0.703971119133574","0.784394250513347","0.7884615384615384","0.8354430379746836","0.7014925373134329","0.7317073170731707","0.8611111111111112","0.7959183673469388","0.875","0.6818181818181818"
