"split","Overall","atomStructure","eclipses","faultsEarthquakes","foodChainsWebs","lifeCycles","moonPhaseEquinox","partsOfA","partsOfTheEarth","photosynthesisRespiration","rockCycle","rockStrata","solarSystem","typesOf","volcano","waterCNPCycle"
"none","0.24352331606217617","0.375","0.22580645161290322","0.32142857142857145","0.2547332185886403","0.22302158273381295","0.20938628158844766","0.25051334702258726","0.25","0.25316455696202533","0.208955223880597","0.24390243902439024","0.19444444444444445","0.2565597667638484","0.25","0.18181818181818182"
