"split","Overall","atomStructure","eclipses","faultsEarthquakes","foodChainsWebs","lifeCycles","moonPhaseEquinox","partsOfA","partsOfTheEarth","photosynthesisRespiration","rockCycle","rockStrata","solarSystem","typesOf","volcano","waterCNPCycle"
"none","0.8617227979274611","0.75","0.967741935483871","0.6785714285714286","0.9302925989672978","0.841726618705036","0.7653429602888087","0.8172484599589322","0.8076923076923077","0.8987341772151899","0.7313432835820896","0.8048780487804879","0.9444444444444444","0.8279883381924198","1.0","0.7954545454545454"
