"Task&Skill","tot","prefetch","hit","prefetch_rate","acc"
"Overall","1000","645","396","64.5","39.6"
"scientific reasoning","122","96","68","78.68852459016394","55.73770491803278"
"textbook question answering","158","113","83","71.51898734177216","52.53164556962025"
"numeric commonsense","144","51","41","35.41666666666667","28.47222222222222"
"arithmetic reasoning","353","157","126","44.47592067988669","35.69405099150141"
"visual question answering","179","104","73","58.10055865921788","40.78212290502793"
"geometry reasoning","239","218","88","91.21338912133892","36.82008368200837"
"algebraic reasoning","281","245","103","87.18861209964413","36.654804270462634"
"geometry problem solving","208","203","75","97.59615384615384","36.05769230769231"
"math word problem","186","69","59","37.096774193548384","31.72043010752688"
"logical reasoning","37","24","5","64.86486486486487","13.513513513513514"
"figure question answering","269","156","106","57.99256505576208","39.405204460966544"
"statistical reasoning","301","168","135","55.81395348837209","44.85049833887043"
