"split","Overall","Accounting","Agriculture","Architecture_and_Engineering","Art","Art_Theory","Basic_Medical_Science","Biology","Chemistry","Clinical_Medicine","Computer_Science","Design","Diagnostics_and_Laboratory_Medicine","Economics","Electronics","Energy_and_Power","Finance","Geography","History","Literature","Manage","Marketing","Materials","Math","Mechanical_Engineering","Music","Pharmacy","Physics","Psychology","Public_Health","Sociology","Art & Design","Business","Health & Medicine","Humanities & Social Science","Science","Tech & Engineering"
"validation","0.41888888888888887","0.3333333333333333","0.5333333333333333","0.3333333333333333","0.6666666666666666","0.7333333333333333","0.36666666666666664","0.2","0.3333333333333333","0.36666666666666664","0.6333333333333333","0.5666666666666667","0.23333333333333334","0.3333333333333333","0.36666666666666664","0.36666666666666664","0.3","0.3333333333333333","0.6333333333333333","0.8333333333333334","0.43333333333333335","0.4666666666666667","0.16666666666666666","0.36666666666666664","0.26666666666666666","0.26666666666666666","0.3333333333333333","0.36666666666666664","0.43333333333333335","0.4666666666666667","0.5333333333333333","0.5583333333333333","0.37333333333333335","0.35333333333333333","0.6083333333333333","0.32","0.38095238095238093"
"dev","0.38666666666666666","0.2","0.2","0.2","0.6","0.8","0.6","0.2","0.6","0.0","0.6","0.4","0.2","0.4","0.6","0.4","0.0","0.0","0.8","0.6","0.4","0.2","0.2","0.4","0.2","0.2","0.4","0.4","0.8","0.2","0.8","0.5","0.24","0.28","0.75","0.32","0.34285714285714286"
