"split","Overall","atomStructure","eclipses","faultsEarthquakes","foodChainsWebs","lifeCycles","moonPhaseEquinox","partsOfA","partsOfTheEarth","photosynthesisRespiration","rockCycle","rockStrata","solarSystem","typesOf","volcano","waterCNPCycle"
"none","0.7406088082901554","0.625","0.9032258064516129","0.6428571428571429","0.8743545611015491","0.60431654676259","0.5776173285198556","0.7248459958932238","0.8461538461538461","0.6708860759493671","0.582089552238806","0.6585365853658537","0.7777777777777778","0.6676384839650146","0.6875","0.5454545454545454"
