"split","Overall","atomStructure","eclipses","faultsEarthquakes","foodChainsWebs","lifeCycles","moonPhaseEquinox","partsOfA","partsOfTheEarth","photosynthesisRespiration","rockCycle","rockStrata","solarSystem","typesOf","volcano","waterCNPCycle"
"none","0.6897668393782384","0.625","0.8064516129032258","0.5357142857142857","0.7736660929432013","0.6642685851318945","0.5740072202166066","0.675564681724846","0.7115384615384616","0.759493670886076","0.582089552238806","0.6341463414634146","0.7777777777777778","0.5918367346938775","0.6875","0.38636363636363635"
