"split","Overall","atomStructure","eclipses","faultsEarthquakes","foodChainsWebs","lifeCycles","moonPhaseEquinox","partsOfA","partsOfTheEarth","photosynthesisRespiration","rockCycle","rockStrata","solarSystem","typesOf","volcano","waterCNPCycle"
"none","0.6897668393782384","1.0","0.8064516129032258","0.6071428571428571","0.8330464716006885","0.5635491606714629","0.5054151624548736","0.7063655030800822","0.6923076923076923","0.5063291139240507","0.5522388059701493","0.4878048780487805","0.7777777777777778","0.577259475218659","0.8125","0.4772727272727273"
