"split","Overall","Accounting","Agriculture","Architecture_and_Engineering","Art","Art_Theory","Basic_Medical_Science","Biology","Chemistry","Clinical_Medicine","Computer_Science","Design","Diagnostics_and_Laboratory_Medicine","Economics","Electronics","Energy_and_Power","Finance","Geography","History","Literature","Manage","Marketing","Materials","Math","Mechanical_Engineering","Music","Pharmacy","Physics","Psychology","Public_Health","Sociology","Art & Design","Business","Health & Medicine","Humanities & Social Science","Science","Tech & Engineering"
"validation","0.3655555555555556","0.3","0.5","0.23333333333333334","0.5333333333333333","0.5666666666666667","0.4","0.26666666666666666","0.2","0.4666666666666667","0.3333333333333333","0.6666666666666666","0.3","0.3","0.26666666666666666","0.3333333333333333","0.36666666666666664","0.36666666666666664","0.4666666666666667","0.7333333333333333","0.26666666666666666","0.3","0.3","0.26666666666666666","0.43333333333333335","0.23333333333333334","0.2","0.36666666666666664","0.26666666666666666","0.26666666666666666","0.4666666666666667","0.5","0.30666666666666664","0.32666666666666666","0.48333333333333334","0.29333333333333333","0.34285714285714286"
"dev","0.3","0.2","0.2","0.2","0.6","0.6","0.4","0.6","0.2","0.2","0.4","0.6","0.2","0.2","0.2","0.2","0.0","0.0","0.6","0.2","0.0","0.4","0.2","0.2","0.4","0.0","0.4","0.4","0.4","0.0","0.8","0.45","0.16","0.24","0.5","0.28","0.2571428571428571"
