"Task&Skill","tot","prefetch","hit","prefetch_rate","acc"
"Overall","1000","588","388","58.8","38.800000000000004"
"scientific reasoning","122","95","64","77.8688524590164","52.459016393442624"
"textbook question answering","158","111","82","70.25316455696202","51.89873417721519"
"numeric commonsense","144","51","38","35.41666666666667","26.38888888888889"
"arithmetic reasoning","353","137","94","38.81019830028329","26.628895184135974"
"visual question answering","179","104","66","58.10055865921788","36.87150837988827"
"geometry reasoning","239","181","119","75.73221757322176","49.7907949790795"
"algebraic reasoning","281","209","137","74.37722419928826","48.754448398576514"
"geometry problem solving","208","169","110","81.25","52.88461538461539"
"math word problem","186","47","32","25.268817204301076","17.20430107526882"
"logical reasoning","37","24","2","64.86486486486487","5.405405405405405"
"figure question answering","269","157","98","58.36431226765799","36.43122676579926"
"statistical reasoning","301","153","113","50.83056478405316","37.54152823920266"
