"split","Overall","atomStructure","eclipses","faultsEarthquakes","foodChainsWebs","lifeCycles","moonPhaseEquinox","partsOfA","partsOfTheEarth","photosynthesisRespiration","rockCycle","rockStrata","solarSystem","typesOf","volcano","waterCNPCycle"
"none","0.7363989637305699","0.875","0.7419354838709677","0.6428571428571429","0.8640275387263339","0.6282973621103117","0.5812274368231047","0.7392197125256673","0.7115384615384616","0.5569620253164557","0.6567164179104478","0.6585365853658537","0.7777777777777778","0.6384839650145773","0.875","0.5909090909090909"
