"split","Overall","atomStructure","eclipses","faultsEarthquakes","foodChainsWebs","lifeCycles","moonPhaseEquinox","partsOfA","partsOfTheEarth","photosynthesisRespiration","rockCycle","rockStrata","solarSystem","typesOf","volcano","waterCNPCycle"
"none","0.751619170984456","0.75","0.6774193548387096","0.5357142857142857","0.8864027538726333","0.6426858513189448","0.5956678700361011","0.7227926078028748","0.7307692307692307","0.5949367088607594","0.6417910447761194","0.6097560975609756","0.8611111111111112","0.6967930029154519","0.875","0.6136363636363636"
