"Task&Skill","tot","prefetch","hit","prefetch_rate","acc"
"Overall","1000","477","679","47.699999999999996","67.9"
"scientific reasoning","122","89","88","72.95081967213115","72.1311475409836"
"textbook question answering","158","100","119","63.29113924050633","75.31645569620254"
"numeric commonsense","144","39","68","27.083333333333332","47.22222222222222"
"arithmetic reasoning","353","99","202","28.04532577903683","57.22379603399433"
"visual question answering","179","92","94","51.39664804469274","52.513966480446925"
"geometry reasoning","239","157","192","65.69037656903765","80.3347280334728"
"algebraic reasoning","281","183","225","65.12455516014235","80.0711743772242"
"geometry problem solving","208","149","170","71.63461538461539","81.73076923076923"
"math word problem","186","22","114","11.827956989247312","61.29032258064516"
"logical reasoning","37","22","12","59.45945945945946","32.432432432432435"
"figure question answering","269","114","182","42.37918215613383","67.65799256505576"
"statistical reasoning","301","106","234","35.21594684385382","77.74086378737542"
