"split","Overall","atomStructure","eclipses","faultsEarthquakes","foodChainsWebs","lifeCycles","moonPhaseEquinox","partsOfA","partsOfTheEarth","photosynthesisRespiration","rockCycle","rockStrata","solarSystem","typesOf","volcano","waterCNPCycle"
"none","0.8452072538860104","0.75","0.9032258064516129","0.7857142857142857","0.9302925989672978","0.841726618705036","0.740072202166065","0.784394250513347","0.7884615384615384","0.8354430379746836","0.746268656716418","0.7317073170731707","0.9722222222222222","0.7725947521865889","1.0","0.7272727272727273"
