"split","Overall","atomStructure","eclipses","faultsEarthquakes","foodChainsWebs","lifeCycles","moonPhaseEquinox","partsOfA","partsOfTheEarth","photosynthesisRespiration","rockCycle","rockStrata","solarSystem","typesOf","volcano","waterCNPCycle"
"none","0.5106865284974094","0.625","0.6129032258064516","0.39285714285714285","0.6540447504302926","0.354916067146283","0.36823104693140796","0.5420944558521561","0.46153846153846156","0.3670886075949367","0.373134328358209","0.4146341463414634","0.6666666666666666","0.37026239067055394","0.4375","0.3409090909090909"
