"split","Overall","atomStructure","eclipses","faultsEarthquakes","foodChainsWebs","lifeCycles","moonPhaseEquinox","partsOfA","partsOfTheEarth","photosynthesisRespiration","rockCycle","rockStrata","solarSystem","typesOf","volcano","waterCNPCycle"
"none","0.6479922279792746","0.375","0.7419354838709677","0.5714285714285714","0.76592082616179","0.5347721822541966","0.516245487364621","0.6324435318275154","0.6346153846153846","0.5189873417721519","0.5373134328358209","0.5853658536585366","0.7222222222222222","0.5830903790087464","0.8125","0.5"
