"split","Overall","atomStructure","eclipses","faultsEarthquakes","foodChainsWebs","lifeCycles","moonPhaseEquinox","partsOfA","partsOfTheEarth","photosynthesisRespiration","rockCycle","rockStrata","solarSystem","typesOf","volcano","waterCNPCycle"
"none","0.8364637305699482","0.875","0.9032258064516129","0.7142857142857143","0.9311531841652324","0.8105515587529976","0.7184115523465704","0.784394250513347","0.8269230769230769","0.8481012658227848","0.7313432835820896","0.7073170731707317","0.9444444444444444","0.7638483965014577","0.8125","0.6818181818181818"
