"split","Overall","Accounting","Agriculture","Architecture_and_Engineering","Art","Art_Theory","Basic_Medical_Science","Biology","Chemistry","Clinical_Medicine","Computer_Science","Design","Diagnostics_and_Laboratory_Medicine","Economics","Electronics","Energy_and_Power","Finance","Geography","History","Literature","Manage","Marketing","Materials","Math","Mechanical_Engineering","Music","Pharmacy","Physics","Psychology","Public_Health","Sociology","Art & Design","Business","Health & Medicine","Humanities & Social Science","Science","Tech & Engineering"
"validation","0.6977777777777778","0.36666666666666664","0.7666666666666667","0.4666666666666667","0.9333333333333333","0.8666666666666667","0.7333333333333333","0.7","0.5333333333333333","0.7666666666666667","0.7333333333333333","0.8666666666666667","0.8","0.5666666666666667","0.6666666666666666","0.5666666666666667","0.7","0.7","0.8","0.9333333333333333","0.6","0.6333333333333333","0.6666666666666666","0.6333333333333333","0.5666666666666667","0.3333333333333333","0.8","0.7666666666666667","0.7666666666666667","0.8666666666666667","0.8333333333333334","0.75","0.5733333333333334","0.7933333333333333","0.8333333333333334","0.6666666666666666","0.6333333333333333"
"dev","0.7533333333333333","0.4","0.6","0.8","1.0","0.6","1.0","0.8","0.8","0.8","1.0","0.8","0.6","0.6","0.6","0.6","0.6","0.8","1.0","1.0","0.4","1.0","0.6","0.8","0.6","0.6","0.6","1.0","1.0","0.8","0.8","0.75","0.6","0.76","0.95","0.84","0.6857142857142857"
