"split","Overall","atomStructure","eclipses","faultsEarthquakes","foodChainsWebs","lifeCycles","moonPhaseEquinox","partsOfA","partsOfTheEarth","photosynthesisRespiration","rockCycle","rockStrata","solarSystem","typesOf","volcano","waterCNPCycle"
"none","0.9387953367875648","1.0","1.0","0.8928571428571429","0.9604130808950087","0.9040767386091128","0.9205776173285198","0.9363449691991786","0.8653846153846154","0.9620253164556962","0.9402985074626866","0.926829268292683","1.0","0.9212827988338192","0.9375","0.9545454545454546"
