"Task&Skill","tot","prefetch","hit","prefetch_rate","acc"
"Overall","1000","504","459","50.4","45.9"
"scientific reasoning","122","88","66","72.1311475409836","54.09836065573771"
"textbook question answering","158","101","86","63.92405063291139","54.43037974683544"
"numeric commonsense","144","39","36","27.083333333333332","25.0"
"arithmetic reasoning","353","98","126","27.762039660056658","35.69405099150141"
"visual question answering","179","92","63","51.39664804469274","35.19553072625698"
"geometry reasoning","239","184","108","76.98744769874477","45.18828451882845"
"algebraic reasoning","281","211","126","75.08896797153025","44.83985765124555"
"geometry problem solving","208","175","92","84.13461538461539","44.230769230769226"
"math word problem","186","22","66","11.827956989247312","35.483870967741936"
"logical reasoning","37","22","7","59.45945945945946","18.91891891891892"
"figure question answering","269","114","152","42.37918215613383","56.50557620817844"
"statistical reasoning","301","106","186","35.21594684385382","61.79401993355482"
