"split","Overall","atomStructure","eclipses","faultsEarthquakes","foodChainsWebs","lifeCycles","moonPhaseEquinox","partsOfA","partsOfTheEarth","photosynthesisRespiration","rockCycle","rockStrata","solarSystem","typesOf","volcano","waterCNPCycle"
"none","0.7613341968911918","0.625","0.8709677419354839","0.6428571428571429","0.8029259896729777","0.7841726618705036","0.6570397111913358","0.75564681724846","0.7692307692307693","0.7974683544303798","0.6417910447761194","0.7073170731707317","0.8611111111111112","0.717201166180758","0.875","0.5681818181818182"
