"split","Overall","atomStructure","eclipses","faultsEarthquakes","foodChainsWebs","lifeCycles","moonPhaseEquinox","partsOfA","partsOfTheEarth","photosynthesisRespiration","rockCycle","rockStrata","solarSystem","typesOf","volcano","waterCNPCycle"
"none","0.5977979274611399","0.5","0.7096774193548387","0.6428571428571429","0.6652323580034424","0.486810551558753","0.4584837545126354","0.6694045174537988","0.5576923076923077","0.5316455696202531","0.4626865671641791","0.5121951219512195","0.7222222222222222","0.5685131195335277","0.5","0.4772727272727273"
