"split","Overall","atomStructure","eclipses","faultsEarthquakes","foodChainsWebs","lifeCycles","moonPhaseEquinox","partsOfA","partsOfTheEarth","photosynthesisRespiration","rockCycle","rockStrata","solarSystem","typesOf","volcano","waterCNPCycle"
"none","0.6091321243523317","0.375","0.6451612903225806","0.5","0.6652323580034424","0.5299760191846523","0.4584837545126354","0.6570841889117043","0.5961538461538461","0.6455696202531646","0.5671641791044776","0.5853658536585366","0.75","0.5743440233236151","0.6875","0.5454545454545454"
