"Task&Skill","tot","prefetch","hit","prefetch_rate","acc"
"Overall","1000","582","272","58.199999999999996","27.200000000000003"
"scientific reasoning","122","94","52","77.04918032786885","42.62295081967213"
"textbook question answering","158","108","68","68.35443037974683","43.037974683544306"
"numeric commonsense","144","47","35","32.63888888888889","24.305555555555554"
"arithmetic reasoning","353","126","82","35.69405099150141","23.229461756373937"
"visual question answering","179","101","65","56.424581005586596","36.312849162011176"
"geometry reasoning","239","216","62","90.3765690376569","25.94142259414226"
"algebraic reasoning","281","241","78","85.76512455516014","27.75800711743772"
"geometry problem solving","208","204","55","98.07692307692307","26.442307692307693"
"math word problem","186","39","24","20.967741935483872","12.903225806451612"
"logical reasoning","37","24","4","64.86486486486487","10.81081081081081"
"figure question answering","269","130","60","48.3271375464684","22.304832713754646"
"statistical reasoning","301","125","68","41.52823920265781","22.591362126245848"
