"Task&Skill","tot","prefetch","hit","prefetch_rate","acc"
"Overall","1000","540","445","54.0","44.5"
"scientific reasoning","122","94","77","77.04918032786885","63.114754098360656"
"textbook question answering","158","107","96","67.72151898734177","60.75949367088608"
"numeric commonsense","144","39","35","27.083333333333332","24.305555555555554"
"arithmetic reasoning","353","99","89","28.04532577903683","25.21246458923513"
"visual question answering","179","92","80","51.39664804469274","44.6927374301676"
"geometry reasoning","239","212","180","88.70292887029288","75.31380753138075"
"algebraic reasoning","281","239","204","85.05338078291815","72.59786476868328"
"geometry problem solving","208","203","173","97.59615384615384","83.17307692307693"
"math word problem","186","22","21","11.827956989247312","11.29032258064516"
"logical reasoning","37","24","7","64.86486486486487","18.91891891891892"
"figure question answering","269","116","75","43.12267657992565","27.881040892193308"
"statistical reasoning","301","106","81","35.21594684385382","26.910299003322258"
