"split","Overall","atomStructure","eclipses","faultsEarthquakes","foodChainsWebs","lifeCycles","moonPhaseEquinox","partsOfA","partsOfTheEarth","photosynthesisRespiration","rockCycle","rockStrata","solarSystem","typesOf","volcano","waterCNPCycle"
"none","0.8730569948186528","0.875","1.0","0.7857142857142857","0.9664371772805508","0.8633093525179856","0.7328519855595668","0.8172484599589322","0.8076923076923077","0.9367088607594937","0.7313432835820896","0.8536585365853658","0.9166666666666666","0.8017492711370262","0.9375","0.6590909090909091"
