"split","Overall","atomStructure","eclipses","faultsEarthquakes","foodChainsWebs","lifeCycles","moonPhaseEquinox","partsOfA","partsOfTheEarth","photosynthesisRespiration","rockCycle","rockStrata","solarSystem","typesOf","volcano","waterCNPCycle"
"none","0.6036269430051814","0.5","0.7741935483870968","0.5714285714285714","0.6514629948364888","0.5227817745803357","0.48375451263537905","0.6776180698151951","0.7307692307692307","0.4936708860759494","0.5074626865671642","0.6341463414634146","0.75","0.5597667638483965","0.375","0.4318181818181818"
