"split","Overall","atomStructure","eclipses","faultsEarthquakes","foodChainsWebs","lifeCycles","moonPhaseEquinox","partsOfA","partsOfTheEarth","photosynthesisRespiration","rockCycle","rockStrata","solarSystem","typesOf","volcano","waterCNPCycle"
"none","0.8286917098445595","0.75","0.9354838709677419","0.6785714285714286","0.9242685025817556","0.7745803357314148","0.6859205776173285","0.8028747433264887","0.7307692307692307","0.7974683544303798","0.6716417910447762","0.8292682926829268","0.8611111111111112","0.793002915451895","0.875","0.6818181818181818"
