"split","Overall","atomStructure","eclipses","faultsEarthquakes","foodChainsWebs","lifeCycles","moonPhaseEquinox","partsOfA","partsOfTheEarth","photosynthesisRespiration","rockCycle","rockStrata","solarSystem","typesOf","volcano","waterCNPCycle"
"none","0.6386010362694301","0.5","0.7741935483870968","0.5357142857142857","0.7478485370051635","0.5971223021582733","0.49458483754512633","0.62217659137577","0.6923076923076923","0.6329113924050633","0.4925373134328358","0.43902439024390244","0.75","0.521865889212828","0.625","0.4090909090909091"
